|wrapperType|kind|artistId|collectionId|trackId|artistName|collectionName|trackName|collectionCensoredName|trackCensoredName|artistViewUrl|collectionViewUrl|trackViewUrl|previewUrl|artworkUrl30|artworkUrl60|artworkUrl100|collectionPrice|trackPrice|releaseDate|collectionExplicitness|trackExplicitness|discCount|discNumber|trackCount|trackNumber|trackTimeMillis|country|currency|primaryGenreName|isStreamable|collectionArtistName|collectionArtistId
0|track|song|7420827|1452504769|1452505072|Ludovico Einaudi|Divenire|Fly|Divenire|Fly|https://music.apple.com/us/artist/ludovico-einaudi/7420827?uo=4|https://music.apple.com/us/album/fly/1452504769?i=1452505072&uo=4|https://music.apple.com/us/album/fly/1452504769?i=1452505072&uo=4|https://audio-ssl.itunes.apple.com/itunes-assets/AudioPreview125/v4/c9/5a/b7/c95ab7b9-f252-f9f6-445d-8cdd5f0f32bf/mzaf_413083744240038516.plus.aac.p.m4a|https://is3-ssl.mzstatic.com/image/thumb/Music125/v4/d7/53/31/d753316b-5f8c-4a7b-462a-538477e944fa/source/30x30bb.jpg|https://is3-ssl.mzstatic.com/image/thumb/Music125/v4/d7/53/31/d753316b-5f8c-4a7b-462a-538477e944fa/source/60x60bb.jpg|https://is3-ssl.mzstatic.com/image/thumb/Music125/v4/d7/53/31/d753316b-5f8c-4a7b-462a-538477e944fa/source/100x100bb.jpg|9.99|1.29|2006-11-07T12:00:00Z|notExplicit|notExplicit|1|1|12|9|278933|USA|USD|Classical|True||
1|track|song|7420827|1452504769|1452505054|Ludovico Einaudi|Divenire|Primavera|Divenire|Primavera|https://music.apple.com/us/artist/ludovico-einaudi/7420827?uo=4|https://music.apple.com/us/album/primavera/1452504769?i=1452505054&uo=4|https://music.apple.com/us/album/primavera/1452504769?i=1452505054&uo=4|https://audio-ssl.itunes.apple.com/itunes-assets/AudioPreview125/v4/e4/f4/94/e4f494d4-7a7e-feb1-45f6-f06b07f2105e/mzaf_800867821908235919.plus.aac.p.m4a|https://is3-ssl.mzstatic.com/image/thumb/Music125/v4/d7/53/31/d753316b-5f8c-4a7b-462a-538477e944fa/source/30x30bb.jpg|https://is3-ssl.mzstatic.com/image/thumb/Music125/v4/d7/53/31/d753316b-5f8c-4a7b-462a-538477e944fa/source/60x60bb.jpg|https://is3-ssl.mzstatic.com/image/thumb/Music125/v4/d7/53/31/d753316b-5f8c-4a7b-462a-538477e944fa/source/100x100bb.jpg|9.99|1.29|2006-11-07T12:00:00Z|notExplicit|notExplicit|1|1|12|6|442400|USA|USD|Classical|True||
2|track|song|7420827|1440762051|1440762319|Ludovico Einaudi|Una Mattina|Nuvole Bianche|Una Mattina|Nuvole Bianche|https://music.apple.com/us/artist/ludovico-einaudi/7420827?uo=4|https://music.apple.com/us/album/nuvole-bianche/1440762051?i=1440762319&uo=4|https://music.apple.com/us/album/nuvole-bianche/1440762051?i=1440762319&uo=4|https://audio-ssl.itunes.apple.com/itunes-assets/AudioPreview125/v4/53/74/71/5374716f-6894-2f16-e576-36335c5acfe6/mzaf_16695769845581058551.plus.aac.p.m4a|https://is3-ssl.mzstatic.com/image/thumb/Music125/v4/58/b9/d2/58b9d24a-f0b4-a318-897f-2a8f7c8c592c/source/30x30bb.jpg|https://is3-ssl.mzstatic.com/image/thumb/Music125/v4/58/b9/d2/58b9d24a-f0b4-a318-897f-2a8f7c8c592c/source/60x60bb.jpg|https://is3-ssl.mzstatic.com/image/thumb/Music125/v4/58/b9/d2/58b9d24a-f0b4-a318-897f-2a8f7c8c592c/source/100x100bb.jpg|11.99|1.29|2004-09-06T12:00:00Z|notExplicit|notExplicit|1|1|13|12|357707|USA|USD|Classical|True||
3|track|song|7420827|1452504769|1452504877|Ludovico Einaudi|Divenire|Divenire|Divenire|Divenire|https://music.apple.com/us/artist/ludovico-einaudi/7420827?uo=4|https://music.apple.com/us/album/divenire/1452504769?i=1452504877&uo=4|https://music.apple.com/us/album/divenire/1452504769?i=1452504877&uo=4|https://audio-ssl.itunes.apple.com/itunes-assets/AudioPreview115/v4/d7/ed/f6/d7edf605-bf77-428a-6d5e-5bb37b69f73d/mzaf_11947352015285679750.plus.aac.p.m4a|https://is3-ssl.mzstatic.com/image/thumb/Music125/v4/d7/53/31/d753316b-5f8c-4a7b-462a-538477e944fa/source/30x30bb.jpg|https://is3-ssl.mzstatic.com/image/thumb/Music125/v4/d7/53/31/d753316b-5f8c-4a7b-462a-538477e944fa/source/60x60bb.jpg|https://is3-ssl.mzstatic.com/image/thumb/Music125/v4/d7/53/31/d753316b-5f8c-4a7b-462a-538477e944fa/source/100x100bb.jpg|9.99|1.29|2006-11-07T12:00:00Z|notExplicit|notExplicit|1|1|12|2|402240|USA|USD|Classical|True||
4|track|song|7420827|1440762051|1440762069|Ludovico Einaudi & Marco Decimo|Una Mattina|A Fuoco|Una Mattina|A Fuoco|https://music.apple.com/us/artist/ludovico-einaudi/7420827?uo=4|https://music.apple.com/us/album/a-fuoco/1440762051?i=1440762069&uo=4|https://music.apple.com/us/album/a-fuoco/1440762051?i=1440762069&uo=4|https://audio-ssl.itunes.apple.com/itunes-assets/AudioPreview115/v4/60/9c/ff/609cff60-a94e-f2c0-0e82-3a862f776f7a/mzaf_5654346478952777964.plus.aac.p.m4a|https://is3-ssl.mzstatic.com/image/thumb/Music125/v4/58/b9/d2/58b9d24a-f0b4-a318-897f-2a8f7c8c592c/source/30x30bb.jpg|https://is3-ssl.mzstatic.com/image/thumb/Music125/v4/58/b9/d2/58b9d24a-f0b4-a318-897f-2a8f7c8c592c/source/60x60bb.jpg|https://is3-ssl.mzstatic.com/image/thumb/Music125/v4/58/b9/d2/58b9d24a-f0b4-a318-897f-2a8f7c8c592c/source/100x100bb.jpg|11.99|1.29|2004-09-06T12:00:00Z|notExplicit|notExplicit|1|1|13|5|270200|USA|USD|Classical|True|Ludovico Einaudi|
5|track|song|7420827|1452504769|1452504885|Ludovico Einaudi|Divenire|Andare|Divenire|Andare|https://music.apple.com/us/artist/ludovico-einaudi/7420827?uo=4|https://music.apple.com/us/album/andare/1452504769?i=1452504885&uo=4|https://music.apple.com/us/album/andare/1452504769?i=1452504885&uo=4|https://audio-ssl.itunes.apple.com/itunes-assets/AudioPreview115/v4/09/2f/37/092f3756-632a-2a4a-e0bf-70d4b3236214/mzaf_8450532366607464477.plus.aac.p.m4a|https://is3-ssl.mzstatic.com/image/thumb/Music125/v4/d7/53/31/d753316b-5f8c-4a7b-462a-538477e944fa/source/30x30bb.jpg|https://is3-ssl.mzstatic.com/image/thumb/Music125/v4/d7/53/31/d753316b-5f8c-4a7b-462a-538477e944fa/source/60x60bb.jpg|https://is3-ssl.mzstatic.com/image/thumb/Music125/v4/d7/53/31/d753316b-5f8c-4a7b-462a-538477e944fa/source/100x100bb.jpg|9.99|1.29|2006-11-07T12:00:00Z|notExplicit|notExplicit|1|1|12|4|417733|USA|USD|Classical|True||
6|track|song|7420827|1440762051|1440762064|Ludovico Einaudi & Marco Decimo|Una Mattina|Resta Con Me|Una Mattina|Resta Con Me|https://music.apple.com/us/artist/ludovico-einaudi/7420827?uo=4|https://music.apple.com/us/album/resta-con-me/1440762051?i=1440762064&uo=4|https://music.apple.com/us/album/resta-con-me/1440762051?i=1440762064&uo=4|https://audio-ssl.itunes.apple.com/itunes-assets/AudioPreview125/v4/de/b7/e8/deb7e8af-f549-19e2-0008-3175583d5cec/mzaf_7496848869802499278.plus.aac.p.m4a|https://is3-ssl.mzstatic.com/image/thumb/Music125/v4/58/b9/d2/58b9d24a-f0b4-a318-897f-2a8f7c8c592c/source/30x30bb.jpg|https://is3-ssl.mzstatic.com/image/thumb/Music125/v4/58/b9/d2/58b9d24a-f0b4-a318-897f-2a8f7c8c592c/source/60x60bb.jpg|https://is3-ssl.mzstatic.com/image/thumb/Music125/v4/58/b9/d2/58b9d24a-f0b4-a318-897f-2a8f7c8c592c/source/100x100bb.jpg|11.99|1.29|2004-09-06T12:00:00Z|notExplicit|notExplicit|1|1|13|3|295760|USA|USD|Classical|True|Ludovico Einaudi|
7|track|song|7420827|1452504769|1452504881|Ludovico Einaudi|Divenire|Monday|Divenire|Monday|https://music.apple.com/us/artist/ludovico-einaudi/7420827?uo=4|https://music.apple.com/us/album/monday/1452504769?i=1452504881&uo=4|https://music.apple.com/us/album/monday/1452504769?i=1452504881&uo=4|https://audio-ssl.itunes.apple.com/itunes-assets/AudioPreview115/v4/70/46/ef/7046eff9-d14c-b118-e27a-36cfa8ff4809/mzaf_636471670750735479.plus.aac.p.m4a|https://is3-ssl.mzstatic.com/image/thumb/Music125/v4/d7/53/31/d753316b-5f8c-4a7b-462a-538477e944fa/source/30x30bb.jpg|https://is3-ssl.mzstatic.com/image/thumb/Music125/v4/d7/53/31/d753316b-5f8c-4a7b-462a-538477e944fa/source/60x60bb.jpg|https://is3-ssl.mzstatic.com/image/thumb/Music125/v4/d7/53/31/d753316b-5f8c-4a7b-462a-538477e944fa/source/100x100bb.jpg|9.99|1.29|2006-11-07T12:00:00Z|notExplicit|notExplicit|1|1|12|3|355000|USA|USD|Classical|True||
8|track|song|7420827|1452504769|1452504870|Ludovico Einaudi|Divenire|Uno|Divenire|Uno|https://music.apple.com/us/artist/ludovico-einaudi/7420827?uo=4|https://music.apple.com/us/album/uno/1452504769?i=1452504870&uo=4|https://music.apple.com/us/album/uno/1452504769?i=1452504870&uo=4|https://audio-ssl.itunes.apple.com/itunes-assets/AudioPreview125/v4/ae/63/1f/ae631f05-123d-9770-59d2-612116ae2925/mzaf_9185349838243346673.plus.aac.p.m4a|https://is3-ssl.mzstatic.com/image/thumb/Music125/v4/d7/53/31/d753316b-5f8c-4a7b-462a-538477e944fa/source/30x30bb.jpg|https://is3-ssl.mzstatic.com/image/thumb/Music125/v4/d7/53/31/d753316b-5f8c-4a7b-462a-538477e944fa/source/60x60bb.jpg|https://is3-ssl.mzstatic.com/image/thumb/Music125/v4/d7/53/31/d753316b-5f8c-4a7b-462a-538477e944fa/source/100x100bb.jpg|9.99|1.29|2006-11-07T12:00:00Z|notExplicit|notExplicit|1|1|12|1|227560|USA|USD|Classical|True||
9|track|song|7420827|1452504769|1452505137|Ludovico Einaudi|Divenire|Ascolta|Divenire|Ascolta|https://music.apple.com/us/artist/ludovico-einaudi/7420827?uo=4|https://music.apple.com/us/album/ascolta/1452504769?i=1452505137&uo=4|https://music.apple.com/us/album/ascolta/1452504769?i=1452505137&uo=4|https://audio-ssl.itunes.apple.com/itunes-assets/AudioPreview125/v4/f8/6e/de/f86edea2-ebe6-a4ab-4ee8-2f2ff062bcf5/mzaf_12602769309011862927.plus.aac.p.m4a|https://is3-ssl.mzstatic.com/image/thumb/Music125/v4/d7/53/31/d753316b-5f8c-4a7b-462a-538477e944fa/source/30x30bb.jpg|https://is3-ssl.mzstatic.com/image/thumb/Music125/v4/d7/53/31/d753316b-5f8c-4a7b-462a-538477e944fa/source/60x60bb.jpg|https://is3-ssl.mzstatic.com/image/thumb/Music125/v4/d7/53/31/d753316b-5f8c-4a7b-462a-538477e944fa/source/100x100bb.jpg|9.99|1.29|2006-11-07T12:00:00Z|notExplicit|notExplicit|1|1|12|10|288733|USA|USD|Classical|True||
10|track|song|7420827|1452504769|1452505153|Ludovico Einaudi|Divenire|Svanire|Divenire|Svanire|https://music.apple.com/us/artist/ludovico-einaudi/7420827?uo=4|https://music.apple.com/us/album/svanire/1452504769?i=1452505153&uo=4|https://music.apple.com/us/album/svanire/1452504769?i=1452505153&uo=4|https://audio-ssl.itunes.apple.com/itunes-assets/AudioPreview115/v4/f3/9e/ca/f39ecafd-e13d-ec04-b407-54bf8a811ec0/mzaf_10356333914896405019.plus.aac.p.m4a|https://is3-ssl.mzstatic.com/image/thumb/Music125/v4/d7/53/31/d753316b-5f8c-4a7b-462a-538477e944fa/source/30x30bb.jpg|https://is3-ssl.mzstatic.com/image/thumb/Music125/v4/d7/53/31/d753316b-5f8c-4a7b-462a-538477e944fa/source/60x60bb.jpg|https://is3-ssl.mzstatic.com/image/thumb/Music125/v4/d7/53/31/d753316b-5f8c-4a7b-462a-538477e944fa/source/100x100bb.jpg|9.99|1.29|2006-11-07T12:00:00Z|notExplicit|notExplicit|1|1|12|12|448560|USA|USD|Classical|True||
11|track|song|7420827|1452504769|1452504889|Ludovico Einaudi|Divenire|Rose|Divenire|Rose|https://music.apple.com/us/artist/ludovico-einaudi/7420827?uo=4|https://music.apple.com/us/album/rose/1452504769?i=1452504889&uo=4|https://music.apple.com/us/album/rose/1452504769?i=1452504889&uo=4|https://audio-ssl.itunes.apple.com/itunes-assets/AudioPreview125/v4/e9/c9/43/e9c94315-1825-4845-d64e-47f27ee620ed/mzaf_13578300280202644240.plus.aac.p.m4a|https://is3-ssl.mzstatic.com/image/thumb/Music125/v4/d7/53/31/d753316b-5f8c-4a7b-462a-538477e944fa/source/30x30bb.jpg|https://is3-ssl.mzstatic.com/image/thumb/Music125/v4/d7/53/31/d753316b-5f8c-4a7b-462a-538477e944fa/source/60x60bb.jpg|https://is3-ssl.mzstatic.com/image/thumb/Music125/v4/d7/53/31/d753316b-5f8c-4a7b-462a-538477e944fa/source/100x100bb.jpg|9.99|1.29|2006-11-07T12:00:00Z|notExplicit|notExplicit|1|1|12|5|256227|USA|USD|Classical|True||
12|track|song|7420827|1452504769|1452505065|Ludovico Einaudi|Divenire|Origine Nascosta|Divenire|Origine Nascosta|https://music.apple.com/us/artist/ludovico-einaudi/7420827?uo=4|https://music.apple.com/us/album/origine-nascosta/1452504769?i=1452505065&uo=4|https://music.apple.com/us/album/origine-nascosta/1452504769?i=1452505065&uo=4|https://audio-ssl.itunes.apple.com/itunes-assets/AudioPreview125/v4/f6/90/37/f6903752-57f9-3639-2956-f56d381f316b/mzaf_17940479354463299622.plus.aac.p.m4a|https://is3-ssl.mzstatic.com/image/thumb/Music125/v4/d7/53/31/d753316b-5f8c-4a7b-462a-538477e944fa/source/30x30bb.jpg|https://is3-ssl.mzstatic.com/image/thumb/Music125/v4/d7/53/31/d753316b-5f8c-4a7b-462a-538477e944fa/source/60x60bb.jpg|https://is3-ssl.mzstatic.com/image/thumb/Music125/v4/d7/53/31/d753316b-5f8c-4a7b-462a-538477e944fa/source/100x100bb.jpg|9.99|1.29|2006-11-07T12:00:00Z|notExplicit|notExplicit|1|1|12|8|191907|USA|USD|Classical|True||
13|track|song|7420827|1440762051|1440762312|Ludovico Einaudi & Marco Decimo|Una Mattina|DNA|Una Mattina|DNA|https://music.apple.com/us/artist/ludovico-einaudi/7420827?uo=4|https://music.apple.com/us/album/dna/1440762051?i=1440762312&uo=4|https://music.apple.com/us/album/dna/1440762051?i=1440762312&uo=4|https://audio-ssl.itunes.apple.com/itunes-assets/AudioPreview115/v4/93/80/d9/9380d910-acdf-9b52-4936-b0a050db6db4/mzaf_4658684056089928113.plus.aac.p.m4a|https://is3-ssl.mzstatic.com/image/thumb/Music125/v4/58/b9/d2/58b9d24a-f0b4-a318-897f-2a8f7c8c592c/source/30x30bb.jpg|https://is3-ssl.mzstatic.com/image/thumb/Music125/v4/58/b9/d2/58b9d24a-f0b4-a318-897f-2a8f7c8c592c/source/60x60bb.jpg|https://is3-ssl.mzstatic.com/image/thumb/Music125/v4/58/b9/d2/58b9d24a-f0b4-a318-897f-2a8f7c8c592c/source/100x100bb.jpg|11.99|1.29|2004-09-06T12:00:00Z|notExplicit|notExplicit|1|1|13|9|220667|USA|USD|Classical|True|Ludovico Einaudi|
14|track|song|7420827|1452504769|1452505058|Ludovico Einaudi|Divenire|Oltremare|Divenire|Oltremare|https://music.apple.com/us/artist/ludovico-einaudi/7420827?uo=4|https://music.apple.com/us/album/oltremare/1452504769?i=1452505058&uo=4|https://music.apple.com/us/album/oltremare/1452504769?i=1452505058&uo=4|https://audio-ssl.itunes.apple.com/itunes-assets/AudioPreview115/v4/1e/c9/c0/1ec9c01c-7637-262b-ca88-e8f431f4fc3e/mzaf_16296329162163915640.plus.aac.p.m4a|https://is3-ssl.mzstatic.com/image/thumb/Music125/v4/d7/53/31/d753316b-5f8c-4a7b-462a-538477e944fa/source/30x30bb.jpg|https://is3-ssl.mzstatic.com/image/thumb/Music125/v4/d7/53/31/d753316b-5f8c-4a7b-462a-538477e944fa/source/60x60bb.jpg|https://is3-ssl.mzstatic.com/image/thumb/Music125/v4/d7/53/31/d753316b-5f8c-4a7b-462a-538477e944fa/source/100x100bb.jpg|9.99|-1.0|2006-11-07T12:00:00Z|notExplicit|notExplicit|1|1|12|7|660000|USA|USD|Classical|True||
15|track|song|7420827|1452504769|1452505144|Ludovico Einaudi|Divenire|Ritornare|Divenire|Ritornare|https://music.apple.com/us/artist/ludovico-einaudi/7420827?uo=4|https://music.apple.com/us/album/ritornare/1452504769?i=1452505144&uo=4|https://music.apple.com/us/album/ritornare/1452504769?i=1452505144&uo=4|https://audio-ssl.itunes.apple.com/itunes-assets/AudioPreview125/v4/00/d3/ec/00d3eccc-0bbb-716d-57fb-face131c08cb/mzaf_2767518875392019525.plus.aac.p.m4a|https://is3-ssl.mzstatic.com/image/thumb/Music125/v4/d7/53/31/d753316b-5f8c-4a7b-462a-538477e944fa/source/30x30bb.jpg|https://is3-ssl.mzstatic.com/image/thumb/Music125/v4/d7/53/31/d753316b-5f8c-4a7b-462a-538477e944fa/source/60x60bb.jpg|https://is3-ssl.mzstatic.com/image/thumb/Music125/v4/d7/53/31/d753316b-5f8c-4a7b-462a-538477e944fa/source/100x100bb.jpg|9.99|1.29|2006-11-07T12:00:00Z|notExplicit|notExplicit|1|1|12|11|532000|USA|USD|Classical|True||
16|track|song|7420827|1440762051|1440762223|Ludovico Einaudi|Una Mattina|Dietro Casa|Una Mattina|Dietro Casa|https://music.apple.com/us/artist/ludovico-einaudi/7420827?uo=4|https://music.apple.com/us/album/dietro-casa/1440762051?i=1440762223&uo=4|https://music.apple.com/us/album/dietro-casa/1440762051?i=1440762223&uo=4|https://audio-ssl.itunes.apple.com/itunes-assets/AudioPreview115/v4/7e/0b/06/7e0b0654-7ab0-9872-bdea-796ab45d5850/mzaf_17536337500997968560.plus.aac.p.m4a|https://is3-ssl.mzstatic.com/image/thumb/Music125/v4/58/b9/d2/58b9d24a-f0b4-a318-897f-2a8f7c8c592c/source/30x30bb.jpg|https://is3-ssl.mzstatic.com/image/thumb/Music125/v4/58/b9/d2/58b9d24a-f0b4-a318-897f-2a8f7c8c592c/source/60x60bb.jpg|https://is3-ssl.mzstatic.com/image/thumb/Music125/v4/58/b9/d2/58b9d24a-f0b4-a318-897f-2a8f7c8c592c/source/100x100bb.jpg|11.99|1.29|2004-09-06T12:00:00Z|notExplicit|notExplicit|1|1|13|7|229827|USA|USD|Classical|True||
17|track|song|7420827|1440772612|1440772708|Ludovico Einaudi|In a Time Lapse|Walk|In a Time Lapse|Walk|https://music.apple.com/us/artist/ludovico-einaudi/7420827?uo=4|https://music.apple.com/us/album/walk/1440772612?i=1440772708&uo=4|https://music.apple.com/us/album/walk/1440772612?i=1440772708&uo=4|https://audio-ssl.itunes.apple.com/itunes-assets/AudioPreview116/v4/e4/87/95/e487955a-f22f-f316-5b8f-26db5f8d3c45/mzaf_8093413178640957176.plus.aac.p.m4a|https://is2-ssl.mzstatic.com/image/thumb/Music115/v4/cd/20/11/cd2011b3-24f4-b5d4-42f2-0ddd72fed21e/source/30x30bb.jpg|https://is2-ssl.mzstatic.com/image/thumb/Music115/v4/cd/20/11/cd2011b3-24f4-b5d4-42f2-0ddd72fed21e/source/60x60bb.jpg|https://is2-ssl.mzstatic.com/image/thumb/Music115/v4/cd/20/11/cd2011b3-24f4-b5d4-42f2-0ddd72fed21e/source/100x100bb.jpg|11.99|1.29|2013-01-21T12:00:00Z|notExplicit|notExplicit|1|1|19|4|207711|USA|USD|Classical Crossover|True||
18|track|song|7420827|1440762051|1440762058|Ludovico Einaudi|Una Mattina|Una Mattina|Una Mattina|Una Mattina|https://music.apple.com/us/artist/ludovico-einaudi/7420827?uo=4|https://music.apple.com/us/album/una-mattina/1440762051?i=1440762058&uo=4|https://music.apple.com/us/album/una-mattina/1440762051?i=1440762058&uo=4|https://audio-ssl.itunes.apple.com/itunes-assets/AudioPreview115/v4/c2/fe/4e/c2fe4e32-e850-6499-4b77-55d0e3cdd5a0/mzaf_15771449287548623120.plus.aac.p.m4a|https://is3-ssl.mzstatic.com/image/thumb/Music125/v4/58/b9/d2/58b9d24a-f0b4-a318-897f-2a8f7c8c592c/source/30x30bb.jpg|https://is3-ssl.mzstatic.com/image/thumb/Music125/v4/58/b9/d2/58b9d24a-f0b4-a318-897f-2a8f7c8c592c/source/60x60bb.jpg|https://is3-ssl.mzstatic.com/image/thumb/Music125/v4/58/b9/d2/58b9d24a-f0b4-a318-897f-2a8f7c8c592c/source/100x100bb.jpg|11.99|1.29|2004-09-06T12:00:00Z|notExplicit|notExplicit|1|1|13|1|203800|USA|USD|Classical|True||
19|track|song|7420827|1440762051|1440762063|Ludovico Einaudi|Una Mattina|Ora|Una Mattina|Ora|https://music.apple.com/us/artist/ludovico-einaudi/7420827?uo=4|https://music.apple.com/us/album/ora/1440762051?i=1440762063&uo=4|https://music.apple.com/us/album/ora/1440762051?i=1440762063&uo=4|https://audio-ssl.itunes.apple.com/itunes-assets/AudioPreview115/v4/cc/ae/4d/ccae4d6c-fab6-5dfe-61e0-2c55aaebcdef/mzaf_7207279991007203556.plus.aac.p.m4a|https://is3-ssl.mzstatic.com/image/thumb/Music125/v4/58/b9/d2/58b9d24a-f0b4-a318-897f-2a8f7c8c592c/source/30x30bb.jpg|https://is3-ssl.mzstatic.com/image/thumb/Music125/v4/58/b9/d2/58b9d24a-f0b4-a318-897f-2a8f7c8c592c/source/60x60bb.jpg|https://is3-ssl.mzstatic.com/image/thumb/Music125/v4/58/b9/d2/58b9d24a-f0b4-a318-897f-2a8f7c8c592c/source/100x100bb.jpg|11.99|1.29|2004-09-06T12:00:00Z|notExplicit|notExplicit|1|1|13|2|473493|USA|USD|Classical|True||
20|track|song|7420827|1440772612|1440772630|Ludovico Einaudi|In a Time Lapse|Corale|In a Time Lapse|Corale|https://music.apple.com/us/artist/ludovico-einaudi/7420827?uo=4|https://music.apple.com/us/album/corale/1440772612?i=1440772630&uo=4|https://music.apple.com/us/album/corale/1440772612?i=1440772630&uo=4|https://audio-ssl.itunes.apple.com/itunes-assets/AudioPreview116/v4/18/4a/17/184a1747-314a-46e5-84e9-0689a255a85a/mzaf_14520802929198703456.plus.aac.p.m4a|https://is2-ssl.mzstatic.com/image/thumb/Music115/v4/cd/20/11/cd2011b3-24f4-b5d4-42f2-0ddd72fed21e/source/30x30bb.jpg|https://is2-ssl.mzstatic.com/image/thumb/Music115/v4/cd/20/11/cd2011b3-24f4-b5d4-42f2-0ddd72fed21e/source/60x60bb.jpg|https://is2-ssl.mzstatic.com/image/thumb/Music115/v4/cd/20/11/cd2011b3-24f4-b5d4-42f2-0ddd72fed21e/source/100x100bb.jpg|11.99|1.29|2013-01-21T12:00:00Z|notExplicit|notExplicit|1|1|19|1|124807|USA|USD|Classical Crossover|True||
21|track|song|7420827|1440749051|1440749648|Ludovico Einaudi|Islands - Essential Einaudi|Nuvole bianche|Islands - Essential Einaudi|Nuvole bianche|https://music.apple.com/us/artist/ludovico-einaudi/7420827?uo=4|https://music.apple.com/us/album/nuvole-bianche/1440749051?i=1440749648&uo=4|https://music.apple.com/us/album/nuvole-bianche/1440749051?i=1440749648&uo=4|https://audio-ssl.itunes.apple.com/itunes-assets/AudioPreview115/v4/46/aa/75/46aa75b9-cc86-009d-76c4-0e30efbb38c5/mzaf_9835733673962771976.plus.aac.p.m4a|https://is4-ssl.mzstatic.com/image/thumb/Music125/v4/1c/d6/e8/1cd6e8d5-acd0-89ab-0d51-2839c6f8d6d6/source/30x30bb.jpg|https://is4-ssl.mzstatic.com/image/thumb/Music125/v4/1c/d6/e8/1cd6e8d5-acd0-89ab-0d51-2839c6f8d6d6/source/60x60bb.jpg|https://is4-ssl.mzstatic.com/image/thumb/Music125/v4/1c/d6/e8/1cd6e8d5-acd0-89ab-0d51-2839c6f8d6d6/source/100x100bb.jpg|11.99|1.29|2004-09-06T12:00:00Z|notExplicit|notExplicit|1|1|27|8|357707|USA|USD|Classical|True||
22|track|song|7420827|1440772612|1440772696|Ludovico Einaudi|In a Time Lapse|Time Lapse|In a Time Lapse|Time Lapse|https://music.apple.com/us/artist/ludovico-einaudi/7420827?uo=4|https://music.apple.com/us/album/time-lapse/1440772612?i=1440772696&uo=4|https://music.apple.com/us/album/time-lapse/1440772612?i=1440772696&uo=4|https://audio-ssl.itunes.apple.com/itunes-assets/AudioPreview116/v4/65/b7/ff/65b7ffc6-f709-3d24-d0e4-932e3705d73b/mzaf_15477633374451164675.plus.aac.p.m4a|https://is2-ssl.mzstatic.com/image/thumb/Music115/v4/cd/20/11/cd2011b3-24f4-b5d4-42f2-0ddd72fed21e/source/30x30bb.jpg|https://is2-ssl.mzstatic.com/image/thumb/Music115/v4/cd/20/11/cd2011b3-24f4-b5d4-42f2-0ddd72fed21e/source/60x60bb.jpg|https://is2-ssl.mzstatic.com/image/thumb/Music115/v4/cd/20/11/cd2011b3-24f4-b5d4-42f2-0ddd72fed21e/source/100x100bb.jpg|11.99|1.29|2013-01-21T12:00:00Z|notExplicit|notExplicit|1|1|19|2|332000|USA|USD|Classical Crossover|True||
23|track|song|7420827|1440772612|1440772735|Ludovico Einaudi|In a Time Lapse|Waterways|In a Time Lapse|Waterways|https://music.apple.com/us/artist/ludovico-einaudi/7420827?uo=4|https://music.apple.com/us/album/waterways/1440772612?i=1440772735&uo=4|https://music.apple.com/us/album/waterways/1440772612?i=1440772735&uo=4|https://audio-ssl.itunes.apple.com/itunes-assets/AudioPreview126/v4/d9/5c/f5/d95cf5ab-fbc3-600f-8c25-09267589c18f/mzaf_1240758786672091334.plus.aac.p.m4a|https://is2-ssl.mzstatic.com/image/thumb/Music115/v4/cd/20/11/cd2011b3-24f4-b5d4-42f2-0ddd72fed21e/source/30x30bb.jpg|https://is2-ssl.mzstatic.com/image/thumb/Music115/v4/cd/20/11/cd2011b3-24f4-b5d4-42f2-0ddd72fed21e/source/60x60bb.jpg|https://is2-ssl.mzstatic.com/image/thumb/Music115/v4/cd/20/11/cd2011b3-24f4-b5d4-42f2-0ddd72fed21e/source/100x100bb.jpg|11.99|1.29|2013-01-21T12:00:00Z|notExplicit|notExplicit|1|1|19|11|257547|USA|USD|Classical Crossover|True||
24|track|song|7420827|1526309069|1526309558|Ludovico Einaudi|I Giorni|I Giorni|I Giorni|I Giorni|https://music.apple.com/us/artist/ludovico-einaudi/7420827?uo=4|https://music.apple.com/us/album/i-giorni/1526309069?i=1526309558&uo=4|https://music.apple.com/us/album/i-giorni/1526309069?i=1526309558&uo=4|https://audio-ssl.itunes.apple.com/itunes-assets/AudioPreview125/v4/1a/b4/a3/1ab4a31c-b20e-2114-5c08-1d63cebd7b5d/mzaf_10350928663180541141.plus.aac.p.m4a|https://is4-ssl.mzstatic.com/image/thumb/Music125/v4/df/81/bc/df81bc00-ddf1-1b49-ee5b-03df8d8bf77e/source/30x30bb.jpg|https://is4-ssl.mzstatic.com/image/thumb/Music125/v4/df/81/bc/df81bc00-ddf1-1b49-ee5b-03df8d8bf77e/source/60x60bb.jpg|https://is4-ssl.mzstatic.com/image/thumb/Music125/v4/df/81/bc/df81bc00-ddf1-1b49-ee5b-03df8d8bf77e/source/100x100bb.jpg|9.99|1.29|2001-11-09T12:00:00Z|notExplicit|notExplicit|1|1|14|6|359213|USA|USD|Classical|True||
25|track|song|7420827|1440762051|1440762067|Ludovico Einaudi|Una Mattina|Leo|Una Mattina|Leo|https://music.apple.com/us/artist/ludovico-einaudi/7420827?uo=4|https://music.apple.com/us/album/leo/1440762051?i=1440762067&uo=4|https://music.apple.com/us/album/leo/1440762051?i=1440762067&uo=4|https://audio-ssl.itunes.apple.com/itunes-assets/AudioPreview125/v4/ee/33/ee/ee33ee46-b39e-16d6-f62c-9a0be6cc0c42/mzaf_11560427776917944257.plus.aac.p.m4a|https://is3-ssl.mzstatic.com/image/thumb/Music125/v4/58/b9/d2/58b9d24a-f0b4-a318-897f-2a8f7c8c592c/source/30x30bb.jpg|https://is3-ssl.mzstatic.com/image/thumb/Music125/v4/58/b9/d2/58b9d24a-f0b4-a318-897f-2a8f7c8c592c/source/60x60bb.jpg|https://is3-ssl.mzstatic.com/image/thumb/Music125/v4/58/b9/d2/58b9d24a-f0b4-a318-897f-2a8f7c8c592c/source/100x100bb.jpg|11.99|1.29|2004-09-06T12:00:00Z|notExplicit|notExplicit|1|1|13|4|309307|USA|USD|Classical|True||
26|track|song|7420827|1440762051|1440762323|Ludovico Einaudi|Una Mattina|Ancora|Una Mattina|Ancora|https://music.apple.com/us/artist/ludovico-einaudi/7420827?uo=4|https://music.apple.com/us/album/ancora/1440762051?i=1440762323&uo=4|https://music.apple.com/us/album/ancora/1440762051?i=1440762323&uo=4|https://audio-ssl.itunes.apple.com/itunes-assets/AudioPreview125/v4/a0/bb/8e/a0bb8e15-ca4e-7890-4dd5-42dd83a1d49b/mzaf_13327796687807580479.plus.aac.p.m4a|https://is3-ssl.mzstatic.com/image/thumb/Music125/v4/58/b9/d2/58b9d24a-f0b4-a318-897f-2a8f7c8c592c/source/30x30bb.jpg|https://is3-ssl.mzstatic.com/image/thumb/Music125/v4/58/b9/d2/58b9d24a-f0b4-a318-897f-2a8f7c8c592c/source/60x60bb.jpg|https://is3-ssl.mzstatic.com/image/thumb/Music125/v4/58/b9/d2/58b9d24a-f0b4-a318-897f-2a8f7c8c592c/source/100x100bb.jpg|11.99|-1.0|2004-09-06T12:00:00Z|notExplicit|notExplicit|1|1|13|13|729627|USA|USD|Classical|True||
27|track|song|7420827|1440772612|1440772729|Ludovico Einaudi|In a Time Lapse|Two Trees|In a Time Lapse|Two Trees|https://music.apple.com/us/artist/ludovico-einaudi/7420827?uo=4|https://music.apple.com/us/album/two-trees/1440772612?i=1440772729&uo=4|https://music.apple.com/us/album/two-trees/1440772612?i=1440772729&uo=4|https://audio-ssl.itunes.apple.com/itunes-assets/AudioPreview126/v4/45/b3/a6/45b3a64e-a0e3-4faa-7fe2-eb169169477b/mzaf_4844410225531372797.plus.aac.p.m4a|https://is2-ssl.mzstatic.com/image/thumb/Music115/v4/cd/20/11/cd2011b3-24f4-b5d4-42f2-0ddd72fed21e/source/30x30bb.jpg|https://is2-ssl.mzstatic.com/image/thumb/Music115/v4/cd/20/11/cd2011b3-24f4-b5d4-42f2-0ddd72fed21e/source/60x60bb.jpg|https://is2-ssl.mzstatic.com/image/thumb/Music115/v4/cd/20/11/cd2011b3-24f4-b5d4-42f2-0ddd72fed21e/source/100x100bb.jpg|11.99|1.29|2013-01-21T12:00:00Z|notExplicit|notExplicit|1|1|19|9|385937|USA|USD|Classical Crossover|True||
28|track|song|7420827|1440762051|1440762221|Ludovico Einaudi|Una Mattina|Dolce Droga|Una Mattina|Dolce Droga|https://music.apple.com/us/artist/ludovico-einaudi/7420827?uo=4|https://music.apple.com/us/album/dolce-droga/1440762051?i=1440762221&uo=4|https://music.apple.com/us/album/dolce-droga/1440762051?i=1440762221&uo=4|https://audio-ssl.itunes.apple.com/itunes-assets/AudioPreview115/v4/8a/07/7c/8a077cbc-a719-8af4-5b17-ff8c58663f74/mzaf_6550514965049988527.plus.aac.p.m4a|https://is3-ssl.mzstatic.com/image/thumb/Music125/v4/58/b9/d2/58b9d24a-f0b4-a318-897f-2a8f7c8c592c/source/30x30bb.jpg|https://is3-ssl.mzstatic.com/image/thumb/Music125/v4/58/b9/d2/58b9d24a-f0b4-a318-897f-2a8f7c8c592c/source/60x60bb.jpg|https://is3-ssl.mzstatic.com/image/thumb/Music125/v4/58/b9/d2/58b9d24a-f0b4-a318-897f-2a8f7c8c592c/source/100x100bb.jpg|11.99|1.29|2004-09-06T12:00:00Z|notExplicit|notExplicit|1|1|13|6|217627|USA|USD|Classical|True||
29|track|song|7420827|1440772612|1440772893|Ludovico Einaudi|In a Time Lapse|Corale Solo|In a Time Lapse|Corale Solo|https://music.apple.com/us/artist/ludovico-einaudi/7420827?uo=4|https://music.apple.com/us/album/corale-solo/1440772612?i=1440772893&uo=4|https://music.apple.com/us/album/corale-solo/1440772612?i=1440772893&uo=4|https://audio-ssl.itunes.apple.com/itunes-assets/AudioPreview126/v4/4c/92/bc/4c92bc2d-8e45-00fd-47de-950068b58759/mzaf_580500182069839704.plus.aac.p.m4a|https://is2-ssl.mzstatic.com/image/thumb/Music115/v4/cd/20/11/cd2011b3-24f4-b5d4-42f2-0ddd72fed21e/source/30x30bb.jpg|https://is2-ssl.mzstatic.com/image/thumb/Music115/v4/cd/20/11/cd2011b3-24f4-b5d4-42f2-0ddd72fed21e/source/60x60bb.jpg|https://is2-ssl.mzstatic.com/image/thumb/Music115/v4/cd/20/11/cd2011b3-24f4-b5d4-42f2-0ddd72fed21e/source/100x100bb.jpg|11.99|1.29|2013-01-21T12:00:00Z|notExplicit|notExplicit|1|1|19|19|166952|USA|USD|Classical Crossover|True||
30|track|song|7420827|1440762051|1440762233|Ludovico Einaudi|Una Mattina|Come Un Fiore|Una Mattina|Come Un Fiore|https://music.apple.com/us/artist/ludovico-einaudi/7420827?uo=4|https://music.apple.com/us/album/come-un-fiore/1440762051?i=1440762233&uo=4|https://music.apple.com/us/album/come-un-fiore/1440762051?i=1440762233&uo=4|https://audio-ssl.itunes.apple.com/itunes-assets/AudioPreview125/v4/59/ce/c3/59cec3f6-09c7-d046-5a68-c31f3971f2ef/mzaf_3924850547635097058.plus.aac.p.m4a|https://is3-ssl.mzstatic.com/image/thumb/Music125/v4/58/b9/d2/58b9d24a-f0b4-a318-897f-2a8f7c8c592c/source/30x30bb.jpg|https://is3-ssl.mzstatic.com/image/thumb/Music125/v4/58/b9/d2/58b9d24a-f0b4-a318-897f-2a8f7c8c592c/source/60x60bb.jpg|https://is3-ssl.mzstatic.com/image/thumb/Music125/v4/58/b9/d2/58b9d24a-f0b4-a318-897f-2a8f7c8c592c/source/100x100bb.jpg|11.99|1.29|2004-09-06T12:00:00Z|notExplicit|notExplicit|1|1|13|8|261667|USA|USD|Classical|True||
31|track|song|7420827|1440772612|1440772719|Ludovico Einaudi|In a Time Lapse|Brothers|In a Time Lapse|Brothers|https://music.apple.com/us/artist/ludovico-einaudi/7420827?uo=4|https://music.apple.com/us/album/brothers/1440772612?i=1440772719&uo=4|https://music.apple.com/us/album/brothers/1440772612?i=1440772719&uo=4|https://audio-ssl.itunes.apple.com/itunes-assets/AudioPreview126/v4/c9/ce/5c/c9ce5ce9-e55f-d7f6-340e-0f1f228997ab/mzaf_11643787998230408067.plus.aac.p.m4a|https://is2-ssl.mzstatic.com/image/thumb/Music115/v4/cd/20/11/cd2011b3-24f4-b5d4-42f2-0ddd72fed21e/source/30x30bb.jpg|https://is2-ssl.mzstatic.com/image/thumb/Music115/v4/cd/20/11/cd2011b3-24f4-b5d4-42f2-0ddd72fed21e/source/60x60bb.jpg|https://is2-ssl.mzstatic.com/image/thumb/Music115/v4/cd/20/11/cd2011b3-24f4-b5d4-42f2-0ddd72fed21e/source/100x100bb.jpg|11.99|1.29|2013-01-21T12:00:00Z|notExplicit|notExplicit|1|1|19|7|291332|USA|USD|Classical Crossover|True||
32|track|song|7420827|1440762051|1440762318|Ludovico Einaudi|Una Mattina|Questo Volta|Una Mattina|Questo Volta|https://music.apple.com/us/artist/ludovico-einaudi/7420827?uo=4|https://music.apple.com/us/album/questo-volta/1440762051?i=1440762318&uo=4|https://music.apple.com/us/album/questo-volta/1440762051?i=1440762318&uo=4|https://audio-ssl.itunes.apple.com/itunes-assets/AudioPreview115/v4/78/b0/d6/78b0d627-01b4-a22a-f7a1-c1367e184898/mzaf_9729841826983754610.plus.aac.p.m4a|https://is3-ssl.mzstatic.com/image/thumb/Music125/v4/58/b9/d2/58b9d24a-f0b4-a318-897f-2a8f7c8c592c/source/30x30bb.jpg|https://is3-ssl.mzstatic.com/image/thumb/Music125/v4/58/b9/d2/58b9d24a-f0b4-a318-897f-2a8f7c8c592c/source/60x60bb.jpg|https://is3-ssl.mzstatic.com/image/thumb/Music125/v4/58/b9/d2/58b9d24a-f0b4-a318-897f-2a8f7c8c592c/source/100x100bb.jpg|11.99|1.29|2004-09-06T12:00:00Z|notExplicit|notExplicit|1|1|13|11|272640|USA|USD|Classical|True||
33|track|song|7420827|1440772612|1440772889|Ludovico Einaudi|In a Time Lapse|Ronald's Dream|In a Time Lapse|Ronald's Dream|https://music.apple.com/us/artist/ludovico-einaudi/7420827?uo=4|https://music.apple.com/us/album/ronalds-dream/1440772612?i=1440772889&uo=4|https://music.apple.com/us/album/ronalds-dream/1440772612?i=1440772889&uo=4|https://audio-ssl.itunes.apple.com/itunes-assets/AudioPreview116/v4/f5/50/03/f55003ae-8cc8-801b-bb37-37d4cedc04be/mzaf_816586384961861695.plus.aac.p.m4a|https://is2-ssl.mzstatic.com/image/thumb/Music115/v4/cd/20/11/cd2011b3-24f4-b5d4-42f2-0ddd72fed21e/source/30x30bb.jpg|https://is2-ssl.mzstatic.com/image/thumb/Music115/v4/cd/20/11/cd2011b3-24f4-b5d4-42f2-0ddd72fed21e/source/60x60bb.jpg|https://is2-ssl.mzstatic.com/image/thumb/Music115/v4/cd/20/11/cd2011b3-24f4-b5d4-42f2-0ddd72fed21e/source/100x100bb.jpg|11.99|1.29|2013-01-21T12:00:00Z|notExplicit|notExplicit|1|1|19|18|225526|USA|USD|Classical Crossover|True||
34|track|song|7420827|1440772612|1440772712|Ludovico Einaudi|In a Time Lapse|Discovery At Night|In a Time Lapse|Discovery At Night|https://music.apple.com/us/artist/ludovico-einaudi/7420827?uo=4|https://music.apple.com/us/album/discovery-at-night/1440772612?i=1440772712&uo=4|https://music.apple.com/us/album/discovery-at-night/1440772612?i=1440772712&uo=4|https://audio-ssl.itunes.apple.com/itunes-assets/AudioPreview126/v4/09/20/26/09202655-684e-421a-8b48-36bcf24285d1/mzaf_3635524559880221.plus.aac.p.m4a|https://is2-ssl.mzstatic.com/image/thumb/Music115/v4/cd/20/11/cd2011b3-24f4-b5d4-42f2-0ddd72fed21e/source/30x30bb.jpg|https://is2-ssl.mzstatic.com/image/thumb/Music115/v4/cd/20/11/cd2011b3-24f4-b5d4-42f2-0ddd72fed21e/source/60x60bb.jpg|https://is2-ssl.mzstatic.com/image/thumb/Music115/v4/cd/20/11/cd2011b3-24f4-b5d4-42f2-0ddd72fed21e/source/100x100bb.jpg|11.99|1.29|2013-01-21T12:00:00Z|notExplicit|notExplicit|1|1|19|5|265624|USA|USD|Classical Crossover|True||
35|track|song|7420827|1440772612|1440772879|Ludovico Einaudi|In a Time Lapse|The Dark Bank of Clouds|In a Time Lapse|The Dark Bank of Clouds|https://music.apple.com/us/artist/ludovico-einaudi/7420827?uo=4|https://music.apple.com/us/album/the-dark-bank-of-clouds/1440772612?i=1440772879&uo=4|https://music.apple.com/us/album/the-dark-bank-of-clouds/1440772612?i=1440772879&uo=4|https://audio-ssl.itunes.apple.com/itunes-assets/AudioPreview126/v4/9f/7d/af/9f7dafd4-3eb0-8522-45bf-50ecabcb8a55/mzaf_14511003383100814359.plus.aac.p.m4a|https://is2-ssl.mzstatic.com/image/thumb/Music115/v4/cd/20/11/cd2011b3-24f4-b5d4-42f2-0ddd72fed21e/source/30x30bb.jpg|https://is2-ssl.mzstatic.com/image/thumb/Music115/v4/cd/20/11/cd2011b3-24f4-b5d4-42f2-0ddd72fed21e/source/60x60bb.jpg|https://is2-ssl.mzstatic.com/image/thumb/Music115/v4/cd/20/11/cd2011b3-24f4-b5d4-42f2-0ddd72fed21e/source/100x100bb.jpg|11.99|1.29|2013-01-21T12:00:00Z|notExplicit|notExplicit|1|1|19|16|191190|USA|USD|Classical Crossover|True||
36|track|song|7420827|1440762051|1440762314|Ludovico Einaudi|Una Mattina|Nuvole Nere|Una Mattina|Nuvole Nere|https://music.apple.com/us/artist/ludovico-einaudi/7420827?uo=4|https://music.apple.com/us/album/nuvole-nere/1440762051?i=1440762314&uo=4|https://music.apple.com/us/album/nuvole-nere/1440762051?i=1440762314&uo=4|https://audio-ssl.itunes.apple.com/itunes-assets/AudioPreview115/v4/ec/00/f1/ec00f180-0ff3-a6cc-e57f-a435fc26c0ba/mzaf_1223045313518736202.plus.aac.p.m4a|https://is3-ssl.mzstatic.com/image/thumb/Music125/v4/58/b9/d2/58b9d24a-f0b4-a318-897f-2a8f7c8c592c/source/30x30bb.jpg|https://is3-ssl.mzstatic.com/image/thumb/Music125/v4/58/b9/d2/58b9d24a-f0b4-a318-897f-2a8f7c8c592c/source/60x60bb.jpg|https://is3-ssl.mzstatic.com/image/thumb/Music125/v4/58/b9/d2/58b9d24a-f0b4-a318-897f-2a8f7c8c592c/source/100x100bb.jpg|11.99|1.29|2004-09-06T12:00:00Z|notExplicit|notExplicit|1|1|13|10|299827|USA|USD|Classical|True||
37|track|song|7420827|1440772612|1440772872|Ludovico Einaudi|In a Time Lapse|Bever|In a Time Lapse|Bever|https://music.apple.com/us/artist/ludovico-einaudi/7420827?uo=4|https://music.apple.com/us/album/bever/1440772612?i=1440772872&uo=4|https://music.apple.com/us/album/bever/1440772612?i=1440772872&uo=4|https://audio-ssl.itunes.apple.com/itunes-assets/AudioPreview116/v4/df/6f/be/df6fbead-3f99-cff4-ed3e-634a88999c22/mzaf_10503502775940407224.plus.aac.p.m4a|https://is2-ssl.mzstatic.com/image/thumb/Music115/v4/cd/20/11/cd2011b3-24f4-b5d4-42f2-0ddd72fed21e/source/30x30bb.jpg|https://is2-ssl.mzstatic.com/image/thumb/Music115/v4/cd/20/11/cd2011b3-24f4-b5d4-42f2-0ddd72fed21e/source/60x60bb.jpg|https://is2-ssl.mzstatic.com/image/thumb/Music115/v4/cd/20/11/cd2011b3-24f4-b5d4-42f2-0ddd72fed21e/source/100x100bb.jpg|11.99|1.29|2013-01-21T12:00:00Z|notExplicit|notExplicit|1|1|19|15|241232|USA|USD|Classical Crossover|True||
38|track|song|7420827|1440749051|1440749359|Ludovico Einaudi|Islands - Essential Einaudi|The Earth Prelude|Islands - Essential Einaudi|The Earth Prelude|https://music.apple.com/us/artist/ludovico-einaudi/7420827?uo=4|https://music.apple.com/us/album/the-earth-prelude/1440749051?i=1440749359&uo=4|https://music.apple.com/us/album/the-earth-prelude/1440749051?i=1440749359&uo=4|https://audio-ssl.itunes.apple.com/itunes-assets/AudioPreview125/v4/d8/2f/d2/d82fd2b4-6cac-25ff-2f73-c5ae61c2e908/mzaf_2707898757785785596.plus.aac.p.m4a|https://is4-ssl.mzstatic.com/image/thumb/Music125/v4/1c/d6/e8/1cd6e8d5-acd0-89ab-0d51-2839c6f8d6d6/source/30x30bb.jpg|https://is4-ssl.mzstatic.com/image/thumb/Music125/v4/1c/d6/e8/1cd6e8d5-acd0-89ab-0d51-2839c6f8d6d6/source/60x60bb.jpg|https://is4-ssl.mzstatic.com/image/thumb/Music125/v4/1c/d6/e8/1cd6e8d5-acd0-89ab-0d51-2839c6f8d6d6/source/100x100bb.jpg|11.99|1.29|2006-11-07T12:00:00Z|notExplicit|notExplicit|1|1|27|2|301349|USA|USD|Classical|True||
39|track|song|7420827|1440749051|1440749909|Ludovico Einaudi|Islands - Essential Einaudi|Primavera|Islands - Essential Einaudi|Primavera|https://music.apple.com/us/artist/ludovico-einaudi/7420827?uo=4|https://music.apple.com/us/album/primavera/1440749051?i=1440749909&uo=4|https://music.apple.com/us/album/primavera/1440749051?i=1440749909&uo=4|https://audio-ssl.itunes.apple.com/itunes-assets/AudioPreview115/v4/a7/4f/57/a74f572a-923a-f81a-07f6-3e5a5ce96b7a/mzaf_16717032566852044514.plus.aac.p.m4a|https://is4-ssl.mzstatic.com/image/thumb/Music125/v4/1c/d6/e8/1cd6e8d5-acd0-89ab-0d51-2839c6f8d6d6/source/30x30bb.jpg|https://is4-ssl.mzstatic.com/image/thumb/Music125/v4/1c/d6/e8/1cd6e8d5-acd0-89ab-0d51-2839c6f8d6d6/source/60x60bb.jpg|https://is4-ssl.mzstatic.com/image/thumb/Music125/v4/1c/d6/e8/1cd6e8d5-acd0-89ab-0d51-2839c6f8d6d6/source/100x100bb.jpg|11.99|1.29|2006-11-07T12:00:00Z|notExplicit|notExplicit|1|1|27|10|443733|USA|USD|Classical|True||
40|track|song|7420827|1440749051|1440750533|Ludovico Einaudi|Islands - Essential Einaudi|Lady Labyrinth|Islands - Essential Einaudi|Lady Labyrinth (Remix)|https://music.apple.com/us/artist/ludovico-einaudi/7420827?uo=4|https://music.apple.com/us/album/lady-labyrinth-remix/1440749051?i=1440750533&uo=4|https://music.apple.com/us/album/lady-labyrinth-remix/1440749051?i=1440750533&uo=4|https://audio-ssl.itunes.apple.com/itunes-assets/AudioPreview125/v4/9e/15/18/9e151890-a100-7f83-a1ce-34aed5cdf883/mzaf_447343734136785836.plus.aac.p.m4a|https://is4-ssl.mzstatic.com/image/thumb/Music125/v4/1c/d6/e8/1cd6e8d5-acd0-89ab-0d51-2839c6f8d6d6/source/30x30bb.jpg|https://is4-ssl.mzstatic.com/image/thumb/Music125/v4/1c/d6/e8/1cd6e8d5-acd0-89ab-0d51-2839c6f8d6d6/source/60x60bb.jpg|https://is4-ssl.mzstatic.com/image/thumb/Music125/v4/1c/d6/e8/1cd6e8d5-acd0-89ab-0d51-2839c6f8d6d6/source/100x100bb.jpg|11.99|1.29|2011-06-27T12:00:00Z|notExplicit|notExplicit|1|1|27|20|336490|USA|USD|Classical|True||
41|track|song|7420827|1440749051|1440749364|Ludovico Einaudi|Islands - Essential Einaudi|Le onde|Islands - Essential Einaudi|Le onde|https://music.apple.com/us/artist/ludovico-einaudi/7420827?uo=4|https://music.apple.com/us/album/le-onde/1440749051?i=1440749364&uo=4|https://music.apple.com/us/album/le-onde/1440749051?i=1440749364&uo=4|https://audio-ssl.itunes.apple.com/itunes-assets/AudioPreview125/v4/57/eb/b4/57ebb41d-3d41-b8b7-bcb7-0e163415557b/mzaf_6295040080645075164.plus.aac.p.m4a|https://is4-ssl.mzstatic.com/image/thumb/Music125/v4/1c/d6/e8/1cd6e8d5-acd0-89ab-0d51-2839c6f8d6d6/source/30x30bb.jpg|https://is4-ssl.mzstatic.com/image/thumb/Music125/v4/1c/d6/e8/1cd6e8d5-acd0-89ab-0d51-2839c6f8d6d6/source/60x60bb.jpg|https://is4-ssl.mzstatic.com/image/thumb/Music125/v4/1c/d6/e8/1cd6e8d5-acd0-89ab-0d51-2839c6f8d6d6/source/100x100bb.jpg|11.99|1.29|2011-06-24T12:00:00Z|notExplicit|notExplicit|1|1|27|3|336132|USA|USD|Classical|True||
42|track|song|7420827|1440749051|1440749074|Ludovico Einaudi|Islands - Essential Einaudi|I giorni|Islands - Essential Einaudi|I giorni|https://music.apple.com/us/artist/ludovico-einaudi/7420827?uo=4|https://music.apple.com/us/album/i-giorni/1440749051?i=1440749074&uo=4|https://music.apple.com/us/album/i-giorni/1440749051?i=1440749074&uo=4|https://audio-ssl.itunes.apple.com/itunes-assets/AudioPreview115/v4/78/27/0f/78270f29-79be-056d-f3c2-f1060cf9be0d/mzaf_13808951205787273671.plus.aac.p.m4a|https://is4-ssl.mzstatic.com/image/thumb/Music125/v4/1c/d6/e8/1cd6e8d5-acd0-89ab-0d51-2839c6f8d6d6/source/30x30bb.jpg|https://is4-ssl.mzstatic.com/image/thumb/Music125/v4/1c/d6/e8/1cd6e8d5-acd0-89ab-0d51-2839c6f8d6d6/source/60x60bb.jpg|https://is4-ssl.mzstatic.com/image/thumb/Music125/v4/1c/d6/e8/1cd6e8d5-acd0-89ab-0d51-2839c6f8d6d6/source/100x100bb.jpg|11.99|1.29|2002-01-01T12:00:00Z|notExplicit|notExplicit|1|1|27|1|410018|USA|USD|Classical|True||
43|track|song|7420827|1440749051|1440750900|Ludovico Einaudi|Islands - Essential Einaudi|Fly|Islands - Essential Einaudi|Fly|https://music.apple.com/us/artist/ludovico-einaudi/7420827?uo=4|https://music.apple.com/us/album/fly/1440749051?i=1440750900&uo=4|https://music.apple.com/us/album/fly/1440749051?i=1440750900&uo=4|https://audio-ssl.itunes.apple.com/itunes-assets/AudioPreview115/v4/b4/e0/e2/b4e0e2be-cec8-420d-8e95-322977cca5be/mzaf_18256078584072333504.plus.aac.p.m4a|https://is4-ssl.mzstatic.com/image/thumb/Music125/v4/1c/d6/e8/1cd6e8d5-acd0-89ab-0d51-2839c6f8d6d6/source/30x30bb.jpg|https://is4-ssl.mzstatic.com/image/thumb/Music125/v4/1c/d6/e8/1cd6e8d5-acd0-89ab-0d51-2839c6f8d6d6/source/60x60bb.jpg|https://is4-ssl.mzstatic.com/image/thumb/Music125/v4/1c/d6/e8/1cd6e8d5-acd0-89ab-0d51-2839c6f8d6d6/source/100x100bb.jpg|11.99|1.29|2006-11-07T12:00:00Z|notExplicit|notExplicit|1|1|27|26|278918|USA|USD|Classical|True||
44|track|song|7420827|1440749051|1440750020|Ludovico Einaudi|Islands - Essential Einaudi|Nefeli|Islands - Essential Einaudi|Nefeli|https://music.apple.com/us/artist/ludovico-einaudi/7420827?uo=4|https://music.apple.com/us/album/nefeli/1440749051?i=1440750020&uo=4|https://music.apple.com/us/album/nefeli/1440749051?i=1440750020&uo=4|https://audio-ssl.itunes.apple.com/itunes-assets/AudioPreview125/v4/43/b1/1b/43b11b6f-dde6-bd0b-5f41-7d82b00c8a0b/mzaf_17644407313243735544.plus.aac.p.m4a|https://is4-ssl.mzstatic.com/image/thumb/Music125/v4/1c/d6/e8/1cd6e8d5-acd0-89ab-0d51-2839c6f8d6d6/source/30x30bb.jpg|https://is4-ssl.mzstatic.com/image/thumb/Music125/v4/1c/d6/e8/1cd6e8d5-acd0-89ab-0d51-2839c6f8d6d6/source/60x60bb.jpg|https://is4-ssl.mzstatic.com/image/thumb/Music125/v4/1c/d6/e8/1cd6e8d5-acd0-89ab-0d51-2839c6f8d6d6/source/100x100bb.jpg|11.99|1.29|2011-06-24T12:00:00Z|notExplicit|notExplicit|1|1|27|11|269769|USA|USD|Classical|True||
45|track|song|7420827|1526309133|1526309318|Ludovico Einaudi|Le Onde|Le Onde|Le Onde|Le Onde|https://music.apple.com/us/artist/ludovico-einaudi/7420827?uo=4|https://music.apple.com/us/album/le-onde/1526309133?i=1526309318&uo=4|https://music.apple.com/us/album/le-onde/1526309133?i=1526309318&uo=4|https://audio-ssl.itunes.apple.com/itunes-assets/AudioPreview115/v4/0f/55/0f/0f550f80-8a1f-8cfb-3521-d59725b6fcbe/mzaf_2973055984995724552.plus.aac.p.m4a|https://is5-ssl.mzstatic.com/image/thumb/Music124/v4/c2/b3/20/c2b32015-f84f-15d1-4bc3-689edd801bcf/source/30x30bb.jpg|https://is5-ssl.mzstatic.com/image/thumb/Music124/v4/c2/b3/20/c2b32015-f84f-15d1-4bc3-689edd801bcf/source/60x60bb.jpg|https://is5-ssl.mzstatic.com/image/thumb/Music124/v4/c2/b3/20/c2b32015-f84f-15d1-4bc3-689edd801bcf/source/100x100bb.jpg|9.99|1.29|1994-10-01T12:00:00Z|notExplicit|notExplicit|1|1|13|2|324016|USA|USD|Classical|True||
46|track|song|7420827|534823110|534823615|Ludovico Einaudi|The Intouchables (Original Motion Picture Soundtrack)|Una Mattina|The Intouchables (Original Motion Picture Soundtrack)|Una Mattina|https://music.apple.com/us/artist/ludovico-einaudi/7420827?uo=4|https://music.apple.com/us/album/una-mattina/534823110?i=534823615&uo=4|https://music.apple.com/us/album/una-mattina/534823110?i=534823615&uo=4|https://audio-ssl.itunes.apple.com/itunes-assets/AudioPreview125/v4/a8/40/c0/a840c001-12f2-0542-53fc-13a99c87a3ec/mzaf_1605302388642834557.plus.aac.p.m4a|https://is5-ssl.mzstatic.com/image/thumb/Music124/v4/e7/ae/f0/e7aef026-0e9d-f76f-f8d3-d4622fc78f75/source/30x30bb.jpg|https://is5-ssl.mzstatic.com/image/thumb/Music124/v4/e7/ae/f0/e7aef026-0e9d-f76f-f8d3-d4622fc78f75/source/60x60bb.jpg|https://is5-ssl.mzstatic.com/image/thumb/Music124/v4/e7/ae/f0/e7aef026-0e9d-f76f-f8d3-d4622fc78f75/source/100x100bb.jpg|10.99|1.29|2011-10-31T12:00:00Z|notExplicit|notExplicit|1|1|11|11|401800|USA|USD|Soundtrack|True|Various Artists|36270.0
47|track|song|7420827|1440749051|1440750108|Ludovico Einaudi|Islands - Essential Einaudi|Questa notte|Islands - Essential Einaudi|Questa notte|https://music.apple.com/us/artist/ludovico-einaudi/7420827?uo=4|https://music.apple.com/us/album/questa-notte/1440749051?i=1440750108&uo=4|https://music.apple.com/us/album/questa-notte/1440749051?i=1440750108&uo=4|https://audio-ssl.itunes.apple.com/itunes-assets/AudioPreview115/v4/06/ef/87/06ef8785-330f-a53f-67a4-385ee14d3db2/mzaf_3281086683934718710.plus.aac.p.m4a|https://is4-ssl.mzstatic.com/image/thumb/Music125/v4/1c/d6/e8/1cd6e8d5-acd0-89ab-0d51-2839c6f8d6d6/source/30x30bb.jpg|https://is4-ssl.mzstatic.com/image/thumb/Music125/v4/1c/d6/e8/1cd6e8d5-acd0-89ab-0d51-2839c6f8d6d6/source/60x60bb.jpg|https://is4-ssl.mzstatic.com/image/thumb/Music125/v4/1c/d6/e8/1cd6e8d5-acd0-89ab-0d51-2839c6f8d6d6/source/100x100bb.jpg|11.99|1.29|2011-06-24T12:00:00Z|notExplicit|notExplicit|1|1|27|12|341194|USA|USD|Classical|True||
48|track|song|7420827|1440749051|1440750893|Ludovico Einaudi|Islands - Essential Einaudi|Indaco|Islands - Essential Einaudi|Indaco|https://music.apple.com/us/artist/ludovico-einaudi/7420827?uo=4|https://music.apple.com/us/album/indaco/1440749051?i=1440750893&uo=4|https://music.apple.com/us/album/indaco/1440749051?i=1440750893&uo=4|https://audio-ssl.itunes.apple.com/itunes-assets/AudioPreview115/v4/fc/26/e5/fc26e550-0d54-8cd5-d5fe-c251b38beaba/mzaf_4824745364980477721.plus.aac.p.m4a|https://is4-ssl.mzstatic.com/image/thumb/Music125/v4/1c/d6/e8/1cd6e8d5-acd0-89ab-0d51-2839c6f8d6d6/source/30x30bb.jpg|https://is4-ssl.mzstatic.com/image/thumb/Music125/v4/1c/d6/e8/1cd6e8d5-acd0-89ab-0d51-2839c6f8d6d6/source/60x60bb.jpg|https://is4-ssl.mzstatic.com/image/thumb/Music125/v4/1c/d6/e8/1cd6e8d5-acd0-89ab-0d51-2839c6f8d6d6/source/100x100bb.jpg|11.99|1.29|2009-09-14T12:00:00Z|notExplicit|notExplicit|1|1|27|25|321467|USA|USD|Classical|True||
49|track|song|7420827|1440749051|1440749375|Ludovico Einaudi|Islands - Essential Einaudi|Divenire|Islands - Essential Einaudi|Divenire|https://music.apple.com/us/artist/ludovico-einaudi/7420827?uo=4|https://music.apple.com/us/album/divenire/1440749051?i=1440749375&uo=4|https://music.apple.com/us/album/divenire/1440749051?i=1440749375&uo=4|https://audio-ssl.itunes.apple.com/itunes-assets/AudioPreview125/v4/26/c2/14/26c214b3-0cac-bcae-aecd-ebda86c58b37/mzaf_7011611975157422208.plus.aac.p.m4a|https://is4-ssl.mzstatic.com/image/thumb/Music125/v4/1c/d6/e8/1cd6e8d5-acd0-89ab-0d51-2839c6f8d6d6/source/30x30bb.jpg|https://is4-ssl.mzstatic.com/image/thumb/Music125/v4/1c/d6/e8/1cd6e8d5-acd0-89ab-0d51-2839c6f8d6d6/source/60x60bb.jpg|https://is4-ssl.mzstatic.com/image/thumb/Music125/v4/1c/d6/e8/1cd6e8d5-acd0-89ab-0d51-2839c6f8d6d6/source/100x100bb.jpg|11.99|1.29|2006-11-07T12:00:00Z|notExplicit|notExplicit|1|1|27|5|402156|USA|USD|Classical|True||
