,wrapperType,artistType,artistName,artistLinkUrl,artistId,amgArtistId,primaryGenreName,primaryGenreId,collectionType,collectionId,collectionName,collectionCensoredName,artistViewUrl,collectionViewUrl,artworkUrl60,artworkUrl100,collectionPrice,collectionExplicitness,trackCount,copyright,country,currency,releaseDate
31,collection,,Louis Armstrong,,518462,52456.0,Jazz,,Album,1443898502.0,Satchmo Serenades,Satchmo Serenades,https://music.apple.com/us/artist/louis-armstrong/518462?uo=4,https://music.apple.com/us/album/satchmo-serenades/1443898502?uo=4,https://is1-ssl.mzstatic.com/image/thumb/Music124/v4/f9/2f/15/f92f1531-c586-bbba-ce7b-f7cc1ec84d4e/source/60x60bb.jpg,https://is1-ssl.mzstatic.com/image/thumb/Music124/v4/f9/2f/15/f92f1531-c586-bbba-ce7b-f7cc1ec84d4e/source/100x100bb.jpg,6.99,notExplicit,18.0,"This Compilation ℗ 2000 The Verve Music Group, a Division of UMG Recordings, Inc.",USA,USD,2000-01-01T08:00:00Z
32,collection,,Louis Armstrong,,518462,52456.0,Jazz,,Album,477023849.0,The Complete Hot Five & Hot Seven Recordings,The Complete Hot Five & Hot Seven Recordings,https://music.apple.com/us/artist/louis-armstrong/518462?uo=4,https://music.apple.com/us/album/the-complete-hot-five-hot-seven-recordings/477023849?uo=4,https://is2-ssl.mzstatic.com/image/thumb/Music/v4/cd/74/ba/cd74ba92-42b3-ab82-45cc-ce4ac936a1e5/source/60x60bb.jpg,https://is2-ssl.mzstatic.com/image/thumb/Music/v4/cd/74/ba/cd74ba92-42b3-ab82-45cc-ce4ac936a1e5/source/100x100bb.jpg,29.99,notExplicit,93.0,"℗ Originally Released 1926, 1927 Courtesy of MCA Records under license from Universal Music Enterprises. Originally released 1925, 1926, 1927, 1928, 1929, 1937, 1940, 1941. All rights reserved by SONY BMG MUSIC ENTERTAINMENT, (P) 2000, 2006 SONY BMG MU",USA,USD,2006-09-19T07:00:00Z
33,collection,,Louis Armstrong,,518462,52456.0,Jazz,,Album,1435198148.0,Let's Do It: Best of the Verve Years,Let's Do It: Best of the Verve Years,https://music.apple.com/us/artist/louis-armstrong/518462?uo=4,https://music.apple.com/us/album/lets-do-it-best-of-the-verve-years/1435198148?uo=4,https://is1-ssl.mzstatic.com/image/thumb/Music118/v4/58/11/ff/5811ff62-6012-4545-a9db-461796c6d5bc/source/60x60bb.jpg,https://is1-ssl.mzstatic.com/image/thumb/Music118/v4/58/11/ff/5811ff62-6012-4545-a9db-461796c6d5bc/source/100x100bb.jpg,16.99,notExplicit,34.0,"A Verve Label Group release; This Compilation ℗ 1995 UMG Recordings, Inc.",USA,USD,1995-09-26T07:00:00Z
34,collection,,Louis Armstrong,,518462,52456.0,Jazz,,Album,200036163.0,Satch Blows the Blues,Satch Blows the Blues,https://music.apple.com/us/artist/louis-armstrong/518462?uo=4,https://music.apple.com/us/album/satch-blows-the-blues/200036163?uo=4,https://is2-ssl.mzstatic.com/image/thumb/Music/v4/9b/92/88/9b928825-d489-b512-4583-542085f0d622/source/60x60bb.jpg,https://is2-ssl.mzstatic.com/image/thumb/Music/v4/9b/92/88/9b928825-d489-b512-4583-542085f0d622/source/100x100bb.jpg,9.99,notExplicit,16.0,"℗ Originally Released 1928, 1929, 1930, 1931, 1954 (P) 2002 Sony Music Entertainment Inc.",USA,USD,2002-07-26T07:00:00Z
35,collection,,Louis Armstrong,,518462,52456.0,Jazz,,Album,1445098760.0,An American Songbook,An American Songbook,https://music.apple.com/us/artist/louis-armstrong/518462?uo=4,https://music.apple.com/us/album/an-american-songbook/1445098760?uo=4,https://is5-ssl.mzstatic.com/image/thumb/Music128/v4/47/c8/37/47c8378a-69b6-2012-3f4a-dfe2baa69728/source/60x60bb.jpg,https://is5-ssl.mzstatic.com/image/thumb/Music128/v4/47/c8/37/47c8378a-69b6-2012-3f4a-dfe2baa69728/source/100x100bb.jpg,9.99,notExplicit,12.0,"A Verve Label Group Release; This Compilation ℗ 1991 UMG Recordings, Inc.",USA,USD,1991-10-22T07:00:00Z
36,collection,,Louis Armstrong,,518462,52456.0,Jazz,,Album,190328280.0,Louis Armstrong's Greatest Hits,Louis Armstrong's Greatest Hits,https://music.apple.com/us/artist/louis-armstrong/518462?uo=4,https://music.apple.com/us/album/louis-armstrongs-greatest-hits/190328280?uo=4,https://is4-ssl.mzstatic.com/image/thumb/Music/v4/37/d4/20/37d4205d-45a5-e079-6026-a0363ba3d06b/source/60x60bb.jpg,https://is4-ssl.mzstatic.com/image/thumb/Music/v4/37/d4/20/37d4205d-45a5-e079-6026-a0363ba3d06b/source/100x100bb.jpg,9.99,notExplicit,11.0,℗ Originally released 1967 Sony Music Entertainment Inc. WARNING: All rights reserved. Unauthorized duplication is a violation of applicable laws.,USA,USD,1997-12-09T08:00:00Z
37,collection,,Louis Armstrong,,518462,52456.0,Jazz,,Album,293785416.0,"The Complete Hot Five and Hot Seven Recordings, Vol. 2","The Complete Hot Five and Hot Seven Recordings, Vol. 2",https://music.apple.com/us/artist/louis-armstrong/518462?uo=4,https://music.apple.com/us/album/the-complete-hot-five-and-hot-seven-recordings-vol-2/293785416?uo=4,https://is2-ssl.mzstatic.com/image/thumb/Music/v4/60/d7/9c/60d79cff-c224-7dac-248e-906143c52b5d/source/60x60bb.jpg,https://is2-ssl.mzstatic.com/image/thumb/Music/v4/60/d7/9c/60d79cff-c224-7dac-248e-906143c52b5d/source/100x100bb.jpg,9.99,notExplicit,22.0,"℗ Originally Released 1926, 1927, 1928, 1940, (P) 2003 Sony Music Entertainment Inc.",USA,USD,2003-04-11T07:00:00Z
38,collection,,Louis Armstrong,,518462,52456.0,Jazz,,Album,158662145.0,The Essence of Louis Armstrong,The Essence of Louis Armstrong,https://music.apple.com/us/artist/louis-armstrong/518462?uo=4,https://music.apple.com/us/album/the-essence-of-louis-armstrong/158662145?uo=4,https://is3-ssl.mzstatic.com/image/thumb/Music/v4/af/a6/6c/afa66c88-59d5-7501-3831-71aa5d912e48/source/60x60bb.jpg,https://is3-ssl.mzstatic.com/image/thumb/Music/v4/af/a6/6c/afa66c88-59d5-7501-3831-71aa5d912e48/source/100x100bb.jpg,9.99,notExplicit,12.0,℗ 1991 Sony Music Entertainment Inc.,USA,USD,1991-10-11T07:00:00Z
39,collection,,Louis Armstrong & Earl Hines,,405220,6746.0,Jazz,,Album,194021777.0,"Louis Armstrong, Vol. 4 - Louis Armstrong and Earl Hines","Louis Armstrong, Vol. 4 - Louis Armstrong and Earl Hines",https://music.apple.com/us/artist/earl-fatha-hines/405220?uo=4,https://music.apple.com/us/album/louis-armstrong-vol-4-louis-armstrong-and-earl-hines/194021777?uo=4,https://is4-ssl.mzstatic.com/image/thumb/Music/v4/5e/3d/dd/5e3ddd50-0e03-247c-28a4-d27853c11cde/source/60x60bb.jpg,https://is4-ssl.mzstatic.com/image/thumb/Music/v4/5e/3d/dd/5e3ddd50-0e03-247c-28a4-d27853c11cde/source/100x100bb.jpg,9.99,notExplicit,18.0,"℗ Originally Released 1928, 1929, 1941 SONY BMG MUSIC ENTERTAINMENT",USA,USD,1989-08-18T07:00:00Z
40,collection,,Louis Armstrong,,518462,52456.0,Jazz,,Album,1444079320.0,Louis for Lovers,Louis for Lovers,https://music.apple.com/us/artist/louis-armstrong/518462?uo=4,https://music.apple.com/us/album/louis-for-lovers/1444079320?uo=4,https://is4-ssl.mzstatic.com/image/thumb/Music118/v4/d4/d9/a3/d4d9a346-51ec-1783-8f84-1c57d595488d/source/60x60bb.jpg,https://is4-ssl.mzstatic.com/image/thumb/Music118/v4/d4/d9/a3/d4d9a346-51ec-1783-8f84-1c57d595488d/source/100x100bb.jpg,9.99,notExplicit,10.0,"This Compilation ℗ 2003 The Verve Music Group, a Division of UMG Recordings, Inc.",USA,USD,2003-01-01T08:00:00Z
41,collection,,Louis Armstrong,,518462,52456.0,Jazz,,Album,1443198374.0,Satchmo at Symphony Hall (Live),Satchmo at Symphony Hall (Live),https://music.apple.com/us/artist/louis-armstrong/518462?uo=4,https://music.apple.com/us/album/satchmo-at-symphony-hall-live/1443198374?uo=4,https://is5-ssl.mzstatic.com/image/thumb/Music118/v4/d9/8e/c3/d98ec350-e3dc-3f58-375b-f6e806dc26aa/source/60x60bb.jpg,https://is5-ssl.mzstatic.com/image/thumb/Music118/v4/d9/8e/c3/d98ec350-e3dc-3f58-375b-f6e806dc26aa/source/100x100bb.jpg,6.99,notExplicit,15.0,"℗ 1996 UMG Recordings, Inc.",USA,USD,1996-01-01T08:00:00Z
42,collection,,Ella Fitzgerald & Louis Armstrong,,73568,6503.0,Jazz,,Album,1434904687.0,The Complete Ella and Louis On Verve,The Complete Ella and Louis On Verve,https://music.apple.com/us/artist/ella-fitzgerald/73568?uo=4,https://music.apple.com/us/album/the-complete-ella-and-louis-on-verve/1434904687?uo=4,https://is2-ssl.mzstatic.com/image/thumb/Music118/v4/9b/0f/41/9b0f4101-faf1-02f3-3ca7-8cc80a4b9e09/source/60x60bb.jpg,https://is2-ssl.mzstatic.com/image/thumb/Music118/v4/9b/0f/41/9b0f4101-faf1-02f3-3ca7-8cc80a4b9e09/source/100x100bb.jpg,29.99,notExplicit,47.0,A Verve Records Release; This Compilation ℗ 1997 UMG Recordings Inc.,USA,USD,1997-05-20T07:00:00Z
43,collection,,Louis Armstrong,,518462,52456.0,Jazz,,Album,171086591.0,The Great Chicago Concert 1956 - Complete,The Great Chicago Concert 1956 - Complete,https://music.apple.com/us/artist/louis-armstrong/518462?uo=4,https://music.apple.com/us/album/the-great-chicago-concert-1956-complete/171086591?uo=4,https://is3-ssl.mzstatic.com/image/thumb/Music/v4/ff/ef/f1/ffeff11c-c7bd-59bd-5ab9-a89a0827ac24/source/60x60bb.jpg,https://is3-ssl.mzstatic.com/image/thumb/Music/v4/ff/ef/f1/ffeff11c-c7bd-59bd-5ab9-a89a0827ac24/source/100x100bb.jpg,16.99,notExplicit,26.0,"℗ Originally Recorded 1956, Originally Released 1957, (P) 1980 Sony Music Entertainment Inc. WARNING: All rights reserved. Unauthorized duplication is a violation of applicable laws.",USA,USD,1997-04-29T07:00:00Z
44,collection,,Louis Armstrong,,518462,52456.0,Jazz,,Album,270473182.0,Louis Armstrong: Complete RCA Victor Recordings (Remastered),Louis Armstrong: Complete RCA Victor Recordings (Remastered),https://music.apple.com/us/artist/louis-armstrong/518462?uo=4,https://music.apple.com/us/album/louis-armstrong-complete-rca-victor-recordings-remastered/270473182?uo=4,https://is4-ssl.mzstatic.com/image/thumb/Music/v4/b7/54/82/b7548238-e52c-93b3-b513-e5639bcad83f/source/60x60bb.jpg,https://is4-ssl.mzstatic.com/image/thumb/Music/v4/b7/54/82/b7548238-e52c-93b3-b513-e5639bcad83f/source/100x100bb.jpg,-1.0,notExplicit,75.0,℗ 1997 BMG Entertainment,USA,USD,1990-01-01T08:00:00Z
45,collection,,Louis Armstrong,,518462,52456.0,Jazz,,Album,157384070.0,Super Hits,Super Hits,https://music.apple.com/us/artist/louis-armstrong/518462?uo=4,https://music.apple.com/us/album/super-hits/157384070?uo=4,https://is3-ssl.mzstatic.com/image/thumb/Music/v4/5b/70/da/5b70da64-5680-483c-3824-a47914cc60d8/source/60x60bb.jpg,https://is3-ssl.mzstatic.com/image/thumb/Music/v4/5b/70/da/5b70da64-5680-483c-3824-a47914cc60d8/source/100x100bb.jpg,5.99,notExplicit,10.0,"℗ Originally Released 1954,1957,1959,1967,1982, (P) 2000 Sony Music Entertainment Inc.",USA,USD,2000-01-07T08:00:00Z
46,collection,,Louis Armstrong,,518462,52456.0,Jazz,,Album,293785408.0,"The Complete Hot Five and Hot Seven Recordings, Vol. 1","The Complete Hot Five and Hot Seven Recordings, Vol. 1",https://music.apple.com/us/artist/louis-armstrong/518462?uo=4,https://music.apple.com/us/album/the-complete-hot-five-and-hot-seven-recordings-vol-1/293785408?uo=4,https://is2-ssl.mzstatic.com/image/thumb/Music5/v4/45/ef/8f/45ef8f71-f123-ebc4-7ff1-098b4b485fbe/source/60x60bb.jpg,https://is2-ssl.mzstatic.com/image/thumb/Music5/v4/45/ef/8f/45ef8f71-f123-ebc4-7ff1-098b4b485fbe/source/100x100bb.jpg,9.99,notExplicit,20.0,"℗ Originally Released 1925, 1926, (P) 2003 Sony Music Entertainment Inc.",USA,USD,2003-04-29T07:00:00Z
47,collection,,Louis Armstrong,,518462,52456.0,Jazz,,Album,193043791.0,"The Hot Fives and Hot Sevens, Volume III","The Hot Fives and Hot Sevens, Volume III",https://music.apple.com/us/artist/louis-armstrong/518462?uo=4,https://music.apple.com/us/album/the-hot-fives-and-hot-sevens-volume-iii/193043791?uo=4,https://is5-ssl.mzstatic.com/image/thumb/Music/v4/d5/26/29/d5262961-4084-a959-e92a-b07b939f2740/source/60x60bb.jpg,https://is5-ssl.mzstatic.com/image/thumb/Music/v4/d5/26/29/d5262961-4084-a959-e92a-b07b939f2740/source/100x100bb.jpg,9.99,notExplicit,16.0,℗ 1989 CBS RECORDS INC.,USA,USD,1989-03-24T08:00:00Z
48,collection,,Louis Armstrong,,518462,52456.0,Jazz,,Album,1442930449.0,Pete Fountain Presents the Best of Dixieland: Louis Armstrong,Pete Fountain Presents the Best of Dixieland: Louis Armstrong,https://music.apple.com/us/artist/louis-armstrong/518462?uo=4,https://music.apple.com/us/album/pete-fountain-presents-the-best-of-dixieland/1442930449?uo=4,https://is1-ssl.mzstatic.com/image/thumb/Music128/v4/24/ee/d4/24eed4df-8618-66ff-69fc-30722b1a7fef/source/60x60bb.jpg,https://is1-ssl.mzstatic.com/image/thumb/Music128/v4/24/ee/d4/24eed4df-8618-66ff-69fc-30722b1a7fef/source/100x100bb.jpg,7.99,notExplicit,15.0,"This Compilation ℗ 2001 The Verve Music Group, a Division of UMG Recordings, Inc.",USA,USD,2001-01-01T08:00:00Z
49,collection,,Louis Armstrong,,518462,52456.0,Jazz,,Album,1430170339.0,Hello Louis: The Hit Years (1963-1969),Hello Louis: The Hit Years (1963-1969),https://music.apple.com/us/artist/louis-armstrong/518462?uo=4,https://music.apple.com/us/album/hello-louis-the-hit-years-1963-1969/1430170339?uo=4,https://is2-ssl.mzstatic.com/image/thumb/Music116/v4/16/d2/86/16d28610-124f-11dd-a9a5-883df787350f/source/60x60bb.jpg,https://is2-ssl.mzstatic.com/image/thumb/Music116/v4/16/d2/86/16d28610-124f-11dd-a9a5-883df787350f/source/100x100bb.jpg,19.99,notExplicit,39.0,"This Compilation ℗ 2010 The Verve Music Group, a Division of UMG Recordings, Inc.",USA,USD,2010-01-01T08:00:00Z
50,collection,,Louis Armstrong,,518462,52456.0,Jazz,,Album,1452819264.0,Satchmo - A Musical Autobiography,Satchmo - A Musical Autobiography,https://music.apple.com/us/artist/louis-armstrong/518462?uo=4,https://music.apple.com/us/album/satchmo-a-musical-autobiography/1452819264?uo=4,https://is5-ssl.mzstatic.com/image/thumb/Music125/v4/80/dd/4f/80dd4f48-11f0-70aa-6b11-c6634b858bd4/source/60x60bb.jpg,https://is5-ssl.mzstatic.com/image/thumb/Music125/v4/80/dd/4f/80dd4f48-11f0-70aa-6b11-c6634b858bd4/source/100x100bb.jpg,44.99,notExplicit,99.0,"This Compilation ℗ 2001 The Verve Music Group, a Division of UMG Recordings, Inc.",USA,USD,2001-01-01T08:00:00Z
51,collection,,Louis Armstrong,,518462,52456.0,Jazz,,Album,293785410.0,"The Complete Hot Five and Hot Seven Recordings, Vol. 3","The Complete Hot Five and Hot Seven Recordings, Vol. 3",https://music.apple.com/us/artist/louis-armstrong/518462?uo=4,https://music.apple.com/us/album/the-complete-hot-five-and-hot-seven-recordings-vol-3/293785410?uo=4,https://is2-ssl.mzstatic.com/image/thumb/Music/v4/fd/59/68/fd5968f7-0734-3281-980e-f145dee33c5f/source/60x60bb.jpg,https://is2-ssl.mzstatic.com/image/thumb/Music/v4/fd/59/68/fd5968f7-0734-3281-980e-f145dee33c5f/source/100x100bb.jpg,9.99,notExplicit,22.0,"℗ Originally Released 1928, 1929, 1940, (P) 2003 Sony Music Entertainment Inc.",USA,USD,2003-04-11T07:00:00Z
52,collection,,Louis Armstrong,,518462,52456.0,Jazz,,Album,198154274.0,The Hot Fives and Hot Sevens - Volume II,The Hot Fives and Hot Sevens - Volume II,https://music.apple.com/us/artist/louis-armstrong/518462?uo=4,https://music.apple.com/us/album/the-hot-fives-and-hot-sevens-volume-ii/198154274?uo=4,https://is3-ssl.mzstatic.com/image/thumb/Music/v4/bd/a3/43/bda3435c-a734-47f5-6a49-5dc917e30f71/source/60x60bb.jpg,https://is3-ssl.mzstatic.com/image/thumb/Music/v4/bd/a3/43/bda3435c-a734-47f5-6a49-5dc917e30f71/source/100x100bb.jpg,9.99,notExplicit,16.0,"℗ Originally Released 1926, 1927 SONY BMG MUSIC ENTERTAINMENT",USA,USD,1988-08-30T07:00:00Z
53,collection,,Louis Armstrong,,518462,52456.0,Jazz,,Album,1443240579.0,The Decca Singles 1949-1958,The Decca Singles 1949-1958,https://music.apple.com/us/artist/louis-armstrong/518462?uo=4,https://music.apple.com/us/album/the-decca-singles-1949-1958/1443240579?uo=4,https://is3-ssl.mzstatic.com/image/thumb/Music116/v4/27/1f/01/271f011e-b4cf-0f9f-99f6-acb7f9a7b9c4/source/60x60bb.jpg,https://is3-ssl.mzstatic.com/image/thumb/Music116/v4/27/1f/01/271f011e-b4cf-0f9f-99f6-acb7f9a7b9c4/source/100x100bb.jpg,44.99,notExplicit,95.0,"This Compilation ℗ 2016 The Verve Music Group, a Division of UMG Recordings, Inc.",USA,USD,2016-01-01T08:00:00Z
54,collection,,Louis Armstrong,,518462,52456.0,Jazz,,Album,1507255091.0,Satchmo: The Decca and Verve Years 1924-1967,Satchmo: The Decca and Verve Years 1924-1967,https://music.apple.com/us/artist/louis-armstrong/518462?uo=4,https://music.apple.com/us/album/satchmo-the-decca-and-verve-years-1924-1967/1507255091?uo=4,https://is5-ssl.mzstatic.com/image/thumb/Music124/v4/bc/43/94/bc4394f3-1e48-148f-6360-4b0b516d653a/source/60x60bb.jpg,https://is5-ssl.mzstatic.com/image/thumb/Music124/v4/bc/43/94/bc4394f3-1e48-148f-6360-4b0b516d653a/source/100x100bb.jpg,29.99,notExplicit,64.0,"A Verve Label Group Release; This Compilation ℗ 2020 UMG Recordings, Inc.",USA,USD,2020-04-17T07:00:00Z
55,collection,,Louis Armstrong,,518462,52456.0,Jazz,,Album,1442906874.0,I Love Jazz ((Remastered)),I Love Jazz ((Remastered)),https://music.apple.com/us/artist/louis-armstrong/518462?uo=4,https://music.apple.com/us/album/i-love-jazz-remastered/1442906874?uo=4,https://is2-ssl.mzstatic.com/image/thumb/Music128/v4/6c/be/4a/6cbe4aa8-adf1-b2ba-d74a-b130c1a9f3a2/source/60x60bb.jpg,https://is2-ssl.mzstatic.com/image/thumb/Music128/v4/6c/be/4a/6cbe4aa8-adf1-b2ba-d74a-b130c1a9f3a2/source/100x100bb.jpg,7.99,notExplicit,9.0,"This Compilation ℗ 2000 The Verve Music Group, a Division of UMG Recordings, Inc.",USA,USD,2000-01-01T08:00:00Z
56,collection,,Louis Armstrong,,518462,52456.0,Jazz,,Album,185583127.0,Stardust,Stardust,https://music.apple.com/us/artist/louis-armstrong/518462?uo=4,https://music.apple.com/us/album/stardust/185583127?uo=4,https://is1-ssl.mzstatic.com/image/thumb/Music/v4/1b/2c/cf/1b2ccf00-0786-0d8a-55a6-08dd35d819fa/source/60x60bb.jpg,https://is1-ssl.mzstatic.com/image/thumb/Music/v4/1b/2c/cf/1b2ccf00-0786-0d8a-55a6-08dd35d819fa/source/100x100bb.jpg,9.99,notExplicit,16.0,"℗ Originally released 1930, 1931, 1932 Sony Music Entertainment Inc.",USA,USD,1988-09-16T07:00:00Z
57,collection,,Louis Armstrong,,518462,52456.0,Jazz,,Album,1444070460.0,Mack the Knife (Live),Mack the Knife (Live),https://music.apple.com/us/artist/louis-armstrong/518462?uo=4,https://music.apple.com/us/album/mack-the-knife-live/1444070460?uo=4,https://is4-ssl.mzstatic.com/image/thumb/Music118/v4/f8/54/f9/f854f941-42f8-1b6a-2e56-41cc32bbc058/source/60x60bb.jpg,https://is4-ssl.mzstatic.com/image/thumb/Music118/v4/f8/54/f9/f854f941-42f8-1b6a-2e56-41cc32bbc058/source/100x100bb.jpg,9.99,notExplicit,11.0,℗ 1957 Pablo Records,USA,USD,1957-01-01T08:00:00Z
58,collection,,Louis Armstrong & The Louis Armstrong Orchestra,,518462,52456.0,Jazz,,Album,203794047.0,Love Songs,Love Songs,https://music.apple.com/us/artist/louis-armstrong/518462?uo=4,https://music.apple.com/us/album/love-songs/203794047?uo=4,https://is4-ssl.mzstatic.com/image/thumb/Music/v4/23/81/79/2381799e-5237-469c-417f-c91a1a7e80c8/source/60x60bb.jpg,https://is4-ssl.mzstatic.com/image/thumb/Music/v4/23/81/79/2381799e-5237-469c-417f-c91a1a7e80c8/source/100x100bb.jpg,9.99,notExplicit,15.0,"℗ Originally Released 1930, 1953, 1955, 1962, 1967, 1982/ (P) 2000 SONY BMG MUSIC ENTERTAINMENT",USA,USD,2000-01-01T08:00:00Z
59,collection,,Louis Armstrong,,518462,52456.0,Jazz,,Album,157398603.0,This Is Jazz #1,This Is Jazz #1,https://music.apple.com/us/artist/louis-armstrong/518462?uo=4,https://music.apple.com/us/album/this-is-jazz-1/157398603?uo=4,https://is2-ssl.mzstatic.com/image/thumb/Music/v4/28/c4/78/28c478e7-234b-1f47-ddb8-661fd2e0bb70/source/60x60bb.jpg,https://is2-ssl.mzstatic.com/image/thumb/Music/v4/28/c4/78/28c478e7-234b-1f47-ddb8-661fd2e0bb70/source/100x100bb.jpg,9.99,notExplicit,16.0,℗ 1996 Sony Music Entertainment Inc.,USA,USD,1996-03-22T08:00:00Z
60,collection,,Louis Armstrong,,518462,52456.0,Jazz,,Album,25169902.0,"Jazz In Paris, Vol. 51: Louis Armstrong and Friends","Jazz In Paris, Vol. 51: Louis Armstrong and Friends",https://music.apple.com/us/artist/louis-armstrong/518462?uo=4,https://music.apple.com/us/album/jazz-in-paris-vol-51-louis-armstrong-and-friends/25169902?uo=4,https://is3-ssl.mzstatic.com/image/thumb/Music/v4/10/ac/99/10ac99f7-17c3-d754-306e-80e8832bea77/source/60x60bb.jpg,https://is3-ssl.mzstatic.com/image/thumb/Music/v4/10/ac/99/10ac99f7-17c3-d754-306e-80e8832bea77/source/100x100bb.jpg,9.99,notExplicit,20.0,℗ 2004 Sunnyside,USA,USD,2004-09-28T07:00:00Z
61,collection,,Louis Armstrong,,518462,52456.0,Jazz,,Album,1444199863.0,Louis and the Angels,Louis and the Angels,https://music.apple.com/us/artist/louis-armstrong/518462?uo=4,https://music.apple.com/us/album/louis-and-the-angels/1444199863?uo=4,https://is1-ssl.mzstatic.com/image/thumb/Music123/v4/55/7c/4b/557c4bfc-94ab-b970-330f-e95b3de05e03/source/60x60bb.jpg,https://is1-ssl.mzstatic.com/image/thumb/Music123/v4/55/7c/4b/557c4bfc-94ab-b970-330f-e95b3de05e03/source/100x100bb.jpg,5.99,notExplicit,12.0,"℗ 1957 UMG Recordings, Inc.",USA,USD,1957-01-01T08:00:00Z
62,collection,,Louis Armstrong and His All-Stars,,518462,52456.0,Jazz,,Album,157407490.0,Ambassador Satch (Live in Europe 1955),Ambassador Satch (Live in Europe 1955),https://music.apple.com/us/artist/louis-armstrong/518462?uo=4,https://music.apple.com/us/album/ambassador-satch-live-in-europe-1955/157407490?uo=4,https://is4-ssl.mzstatic.com/image/thumb/Music/v4/27/45/38/2745386b-41cd-b37d-2432-741a101f2770/source/60x60bb.jpg,https://is4-ssl.mzstatic.com/image/thumb/Music/v4/27/45/38/2745386b-41cd-b37d-2432-741a101f2770/source/100x100bb.jpg,9.99,notExplicit,13.0,"℗ Originally Recorded 1955, Originally Released 1956 Sony Music Entertainment Inc.",USA,USD,2000-06-07T07:00:00Z
63,collection,,Louis Armstrong,,518462,52456.0,Jazz,,Album,1444127009.0,"The Best of the Decca Years, Vol. 1 - The Singer","The Best of the Decca Years, Vol. 1 - The Singer",https://music.apple.com/us/artist/louis-armstrong/518462?uo=4,https://music.apple.com/us/album/the-best-of-the-decca-years-vol-1-the-singer/1444127009?uo=4,https://is3-ssl.mzstatic.com/image/thumb/Music128/v4/5f/86/74/5f8674b0-63ce-5e62-8c5a-ac1e3ed327dc/source/60x60bb.jpg,https://is3-ssl.mzstatic.com/image/thumb/Music128/v4/5f/86/74/5f8674b0-63ce-5e62-8c5a-ac1e3ed327dc/source/100x100bb.jpg,7.99,notExplicit,13.0,"This Compilation ℗ 1989 UMG Recordings, Inc.",USA,USD,1989-01-01T08:00:00Z
64,collection,,Louis Armstrong,,518462,52456.0,Jazz,,Album,311625526.0,Portrait of the Artist As a Young Man 1923-1934,Portrait of the Artist As a Young Man 1923-1934,https://music.apple.com/us/artist/louis-armstrong/518462?uo=4,https://music.apple.com/us/album/portrait-of-the-artist-as-a-young-man-1923-1934/311625526?uo=4,https://is2-ssl.mzstatic.com/image/thumb/Music/v4/66/53/b0/6653b07d-7fa6-905e-277a-73a6aa07a096/source/60x60bb.jpg,https://is2-ssl.mzstatic.com/image/thumb/Music/v4/66/53/b0/6653b07d-7fa6-905e-277a-73a6aa07a096/source/100x100bb.jpg,34.99,notExplicit,81.0,"℗ Originally Released 1923, 1924, 1925, 1926, 1927, 1928, 1929, 1930, 1931, 1932, 1933, 1934 Sony Music Entertainment Inc.",USA,USD,1994-09-01T07:00:00Z
65,collection,,Louis Armstrong,,518462,52456.0,Jazz,,Album,1444141347.0,The Decca Singles 1935-1946,The Decca Singles 1935-1946,https://music.apple.com/us/artist/louis-armstrong/518462?uo=4,https://music.apple.com/us/album/the-decca-singles-1935-1946/1444141347?uo=4,https://is2-ssl.mzstatic.com/image/thumb/Music124/v4/ee/ab/81/eeab81c1-afc2-4505-0c2f-5eb40c5bed6b/source/60x60bb.jpg,https://is2-ssl.mzstatic.com/image/thumb/Music124/v4/ee/ab/81/eeab81c1-afc2-4505-0c2f-5eb40c5bed6b/source/100x100bb.jpg,69.99,notExplicit,136.0,"A Verve Label Group Release; ℗ 2017 UMG Recordings, Inc.",USA,USD,2017-08-04T07:00:00Z
66,collection,,Louis Armstrong,,518462,52456.0,Jazz,,Album,268465837.0,A 100th Birthday Celebration (Remastered 1996),A 100th Birthday Celebration (Remastered 1996),https://music.apple.com/us/artist/louis-armstrong/518462?uo=4,https://music.apple.com/us/album/a-100th-birthday-celebration-remastered-1996/268465837?uo=4,https://is4-ssl.mzstatic.com/image/thumb/Music/v4/7c/57/a0/7c57a07f-097d-7da9-a54b-a60d98b5d948/source/60x60bb.jpg,https://is4-ssl.mzstatic.com/image/thumb/Music/v4/7c/57/a0/7c57a07f-097d-7da9-a54b-a60d98b5d948/source/100x100bb.jpg,-1.0,notExplicit,30.0,℗ 2000 BMG Entertainment,USA,USD,2000-05-26T07:00:00Z
67,collection,,Louis Armstrong,,518462,52456.0,Jazz,,Album,1445667326.0,The California Concerts (Live),The California Concerts (Live),https://music.apple.com/us/artist/louis-armstrong/518462?uo=4,https://music.apple.com/us/album/the-california-concerts-live/1445667326?uo=4,https://is2-ssl.mzstatic.com/image/thumb/Music118/v4/10/ae/3a/10ae3a83-a3e3-9aa3-adea-badd12fcfef3/source/60x60bb.jpg,https://is2-ssl.mzstatic.com/image/thumb/Music118/v4/10/ae/3a/10ae3a83-a3e3-9aa3-adea-badd12fcfef3/source/100x100bb.jpg,29.99,notExplicit,59.0,"This Compilation ℗ 1992 UMG Recordings, Inc.",USA,USD,1992-01-01T08:00:00Z
68,collection,,Louis Armstrong and The All Stars,,518462,52456.0,Jazz,,Album,1434274390.0,"The Columbia & RCA Victor Live Recordings, Vol. 1","The Columbia & RCA Victor Live Recordings, Vol. 1",https://music.apple.com/us/artist/louis-armstrong/518462?uo=4,https://music.apple.com/us/album/the-columbia-rca-victor-live-recordings-vol-1/1434274390?uo=4,https://is5-ssl.mzstatic.com/image/thumb/Music118/v4/aa/fc/80/aafc80e6-5cba-0046-cafd-07d3a778cf13/source/60x60bb.jpg,https://is5-ssl.mzstatic.com/image/thumb/Music118/v4/aa/fc/80/aafc80e6-5cba-0046-cafd-07d3a778cf13/source/100x100bb.jpg,24.99,notExplicit,51.0,℗ This compilation (P) 2014 Sony Music Entertainment,USA,USD,2018-09-14T07:00:00Z
69,collection,,Louis Armstrong,,518462,52456.0,Jazz,,Album,255376078.0,Sings and Swings (Bluebird's Best Series) [Remastered],Sings and Swings (Bluebird's Best Series) [Remastered],https://music.apple.com/us/artist/louis-armstrong/518462?uo=4,https://music.apple.com/us/album/sings-and-swings-bluebirds-best-series-remastered/255376078?uo=4,https://is1-ssl.mzstatic.com/image/thumb/Music/v4/73/06/c1/7306c1a2-e5dc-6269-ffb0-08c1f0be013b/source/60x60bb.jpg,https://is1-ssl.mzstatic.com/image/thumb/Music/v4/73/06/c1/7306c1a2-e5dc-6269-ffb0-08c1f0be013b/source/100x100bb.jpg,9.99,notExplicit,15.0,℗ 2002 BMG,USA,USD,2002-07-26T07:00:00Z
70,collection,,Louis Armstrong,,518462,52456.0,Jazz,,Album,1426601992.0,The Night Clubs (Live),The Night Clubs (Live),https://music.apple.com/us/artist/louis-armstrong/518462?uo=4,https://music.apple.com/us/album/the-night-clubs-live/1426601992?uo=4,https://is1-ssl.mzstatic.com/image/thumb/Music118/v4/4d/de/31/4dde31ed-6cea-307e-a1f9-cacaf5f83cc1/source/60x60bb.jpg,https://is1-ssl.mzstatic.com/image/thumb/Music118/v4/4d/de/31/4dde31ed-6cea-307e-a1f9-cacaf5f83cc1/source/100x100bb.jpg,9.99,notExplicit,16.0,℗ 2017 Dot Time Legends,USA,USD,2017-11-17T08:00:00Z
71,collection,,Louis Armstrong,,518462,52456.0,Jazz,,Album,304759214.0,Platinum & Gold Collection: Louis Armstrong (Remastered),Platinum & Gold Collection: Louis Armstrong (Remastered),https://music.apple.com/us/artist/louis-armstrong/518462?uo=4,https://music.apple.com/us/album/platinum-gold-collection-louis-armstrong-remastered/304759214?uo=4,https://is5-ssl.mzstatic.com/image/thumb/Music/v4/20/4e/01/204e01c1-9681-2f48-023b-60a0999c5363/source/60x60bb.jpg,https://is5-ssl.mzstatic.com/image/thumb/Music/v4/20/4e/01/204e01c1-9681-2f48-023b-60a0999c5363/source/100x100bb.jpg,9.99,notExplicit,12.0,℗ 2003 BMG Heritage,USA,USD,2003-08-18T07:00:00Z
72,collection,,Louis Armstrong,,518462,52456.0,Jazz,,Album,293786372.0,Falling In Love With Louis Armstrong,Falling In Love With Louis Armstrong,https://music.apple.com/us/artist/louis-armstrong/518462?uo=4,https://music.apple.com/us/album/falling-in-love-with-louis-armstrong/293786372?uo=4,https://is4-ssl.mzstatic.com/image/thumb/Music/v4/18/c4/66/18c46689-ea44-43d3-51fb-d91dc502aec6/source/60x60bb.jpg,https://is4-ssl.mzstatic.com/image/thumb/Music/v4/18/c4/66/18c46689-ea44-43d3-51fb-d91dc502aec6/source/100x100bb.jpg,9.99,notExplicit,16.0,"℗ 2000, BMG Entertainment",USA,USD,1999-12-31T08:00:00Z
73,collection,,Louis Armstrong,,518462,52456.0,Jazz,,Album,198229298.0,"You're Driving Me Crazy (1930-1931), Vol. 7","You're Driving Me Crazy (1930-1931), Vol. 7",https://music.apple.com/us/artist/louis-armstrong/518462?uo=4,https://music.apple.com/us/album/youre-driving-me-crazy-1930-1931-vol-7/198229298?uo=4,https://is4-ssl.mzstatic.com/image/thumb/Music/v4/cd/d9/78/cdd978e4-5db6-8f8f-c04b-120ffe9e17a6/source/60x60bb.jpg,https://is4-ssl.mzstatic.com/image/thumb/Music/v4/cd/d9/78/cdd978e4-5db6-8f8f-c04b-120ffe9e17a6/source/100x100bb.jpg,9.99,notExplicit,18.0,℗ 1993 Sony Music Entertainment Inc.,USA,USD,1993-04-02T08:00:00Z
74,collection,,Louis Armstrong,,518462,52456.0,Jazz,,Album,299672884.0,Louis Armstrong: More Greatest Hits,Louis Armstrong: More Greatest Hits,https://music.apple.com/us/artist/louis-armstrong/518462?uo=4,https://music.apple.com/us/album/louis-armstrong-more-greatest-hits/299672884?uo=4,https://is2-ssl.mzstatic.com/image/thumb/Music/v4/d3/d8/85/d3d88562-3f8b-552b-7650-2ca37ba484b6/source/60x60bb.jpg,https://is2-ssl.mzstatic.com/image/thumb/Music/v4/d3/d8/85/d3d88562-3f8b-552b-7650-2ca37ba484b6/source/100x100bb.jpg,-1.0,notExplicit,18.0,"℗ P: 1998, BMG Entertainment",USA,USD,1990-01-01T08:00:00Z
75,collection,,Louis Armstrong,,518462,52456.0,Jazz,,Album,169733658.0,Satchmo the Great,Satchmo the Great,https://music.apple.com/us/artist/louis-armstrong/518462?uo=4,https://music.apple.com/us/album/satchmo-the-great/169733658?uo=4,https://is2-ssl.mzstatic.com/image/thumb/Music/v4/ee/83/57/ee8357bd-07cb-1ccc-afca-b6c3840e8d7d/source/60x60bb.jpg,https://is2-ssl.mzstatic.com/image/thumb/Music/v4/ee/83/57/ee8357bd-07cb-1ccc-afca-b6c3840e8d7d/source/100x100bb.jpg,9.99,notExplicit,26.0,"℗ Originally Released 1957, Originally Recorded 1957, (P) 1980, 2000 Sony Music Entertainment Inc.",USA,USD,2000-05-22T07:00:00Z
76,collection,,Louis Armstrong,,518462,52456.0,Jazz,,Album,1360037655.0,Pops Is Tops: The Verve Studio Albums,Pops Is Tops: The Verve Studio Albums,https://music.apple.com/us/artist/louis-armstrong/518462?uo=4,https://music.apple.com/us/album/pops-is-tops-the-verve-studio-albums/1360037655?uo=4,https://is3-ssl.mzstatic.com/image/thumb/Music128/v4/c7/f4/c2/c7f4c2c1-648b-2583-eec0-e184e22ae109/source/60x60bb.jpg,https://is3-ssl.mzstatic.com/image/thumb/Music128/v4/c7/f4/c2/c7f4c2c1-648b-2583-eec0-e184e22ae109/source/100x100bb.jpg,34.99,notExplicit,72.0,"A Verve Records release; This Compilation ℗ 2018 UMG Recordings, Inc.",USA,USD,2018-04-13T07:00:00Z
77,collection,,Louis Armstrong,,518462,52456.0,Jazz,,Album,1447450271.0,A Day with Satchmo,A Day with Satchmo,https://music.apple.com/us/artist/louis-armstrong/518462?uo=4,https://music.apple.com/us/album/a-day-with-satchmo/1447450271?uo=4,https://is3-ssl.mzstatic.com/image/thumb/Music124/v4/cf/f9/47/cff94787-0770-45f0-17bb-f026e98063ea/source/60x60bb.jpg,https://is3-ssl.mzstatic.com/image/thumb/Music124/v4/cf/f9/47/cff94787-0770-45f0-17bb-f026e98063ea/source/100x100bb.jpg,12.99,notExplicit,25.0,"A Verve Label Group Release; This Compilation ℗ 2012 UMG Recordings, Inc.",USA,USD,2012-07-31T07:00:00Z
78,collection,,Louis Armstrong,,518462,52456.0,Jazz,,Album,1443725249.0,Satchmo at Pasadena (Live),Satchmo at Pasadena (Live),https://music.apple.com/us/artist/louis-armstrong/518462?uo=4,https://music.apple.com/us/album/satchmo-at-pasadena-live/1443725249?uo=4,https://is5-ssl.mzstatic.com/image/thumb/Music124/v4/97/80/33/97803384-d309-5424-3011-2239afed2dfe/source/60x60bb.jpg,https://is5-ssl.mzstatic.com/image/thumb/Music124/v4/97/80/33/97803384-d309-5424-3011-2239afed2dfe/source/100x100bb.jpg,5.99,notExplicit,10.0,"℗ 2008 The Verve Music Group, a Division of UMG Recordings, Inc.",USA,USD,2008-01-01T08:00:00Z
79,collection,,Louis Armstrong,,518462,52456.0,Jazz,,Album,258590085.0,Sugar: The Best of the Complete RCA Victor Recordings (Remastered),Sugar: The Best of the Complete RCA Victor Recordings (Remastered),https://music.apple.com/us/artist/louis-armstrong/518462?uo=4,https://music.apple.com/us/album/sugar-the-best-of-the-complete-rca/258590085?uo=4,https://is4-ssl.mzstatic.com/image/thumb/Music/v4/4d/02/d2/4d02d28e-2e0e-e30f-5800-cc912009fb20/source/60x60bb.jpg,https://is4-ssl.mzstatic.com/image/thumb/Music/v4/4d/02/d2/4d02d28e-2e0e-e30f-5800-cc912009fb20/source/100x100bb.jpg,-1.0,notExplicit,16.0,"℗ 1930, 1947 All Rights Reserved BMG Music",USA,USD,1999-10-04T07:00:00Z
80,collection,,Louis Armstrong,,518462,52456.0,Jazz,,Album,193044433.0,Vol. 6 St. Louis Blues,Vol. 6 St. Louis Blues,https://music.apple.com/us/artist/louis-armstrong/518462?uo=4,https://music.apple.com/us/album/vol-6-st-louis-blues/193044433?uo=4,https://is3-ssl.mzstatic.com/image/thumb/Music/v4/e1/f5/cd/e1f5cd4d-9985-5f2d-e39f-e46320495eb6/source/60x60bb.jpg,https://is3-ssl.mzstatic.com/image/thumb/Music/v4/e1/f5/cd/e1f5cd4d-9985-5f2d-e39f-e46320495eb6/source/100x100bb.jpg,9.99,notExplicit,23.0,℗ 1991 SONY BMG MUSIC ENTERTAINMENT,USA,USD,1991-03-22T08:00:00Z
81,collection,,Louis Armstrong,,518462,52456.0,Jazz,,Album,885408268.0,Louis Armstrong and His Friends,Louis Armstrong and His Friends,https://music.apple.com/us/artist/louis-armstrong/518462?uo=4,https://music.apple.com/us/album/louis-armstrong-and-his-friends/885408268?uo=4,https://is1-ssl.mzstatic.com/image/thumb/Music/v4/9f/c0/37/9fc03735-e5df-0163-5cf7-39c9cae833d5/source/60x60bb.jpg,https://is1-ssl.mzstatic.com/image/thumb/Music/v4/9f/c0/37/9fc03735-e5df-0163-5cf7-39c9cae833d5/source/100x100bb.jpg,9.99,notExplicit,10.0,℗ 2014 Ace Records,USA,USD,2014-05-26T07:00:00Z
82,collection,,Louis Armstrong & Duke Ellington,,518462,52456.0,Jazz,,Album,912342163.0,The Great Reunion,The Great Reunion,https://music.apple.com/us/artist/louis-armstrong/518462?uo=4,https://music.apple.com/us/album/the-great-reunion/912342163?uo=4,https://is4-ssl.mzstatic.com/image/thumb/Music115/v4/e0/72/4a/e0724ae2-7336-0b62-3782-03d3454b21d6/source/60x60bb.jpg,https://is4-ssl.mzstatic.com/image/thumb/Music115/v4/e0/72/4a/e0724ae2-7336-0b62-3782-03d3454b21d6/source/100x100bb.jpg,8.99,notExplicit,7.0,"℗ 1963 Parlophone Records Ltd, a Warner Music Group Company",USA,USD,2014-08-18T07:00:00Z
83,collection,,Louis Armstrong,,518462,52456.0,Jazz,,Album,1443806118.0,Louis Under the Stars,Louis Under the Stars,https://music.apple.com/us/artist/louis-armstrong/518462?uo=4,https://music.apple.com/us/album/louis-under-the-stars/1443806118?uo=4,https://is4-ssl.mzstatic.com/image/thumb/Music118/v4/93/4c/34/934c347f-8b98-18f5-2555-64eabdcf34c4/source/60x60bb.jpg,https://is4-ssl.mzstatic.com/image/thumb/Music118/v4/93/4c/34/934c347f-8b98-18f5-2555-64eabdcf34c4/source/100x100bb.jpg,7.99,notExplicit,10.0,"℗ 2014 The Verve Music Group, a Division of UMG Recordings, Inc.",USA,USD,1958-11-01T08:00:00Z
84,collection,,King Oliver's Creole Jazz Band,,936963,,Jazz,,Album,405529503.0,Editio Princeps,Editio Princeps,https://music.apple.com/us/artist/king-olivers-creole-jazz-band/936963?uo=4,https://music.apple.com/us/album/editio-princeps/405529503?uo=4,https://is3-ssl.mzstatic.com/image/thumb/Music/v4/33/07/31/3307315b-14b5-69e7-fd7e-82cad69d85dd/source/60x60bb.jpg,https://is3-ssl.mzstatic.com/image/thumb/Music/v4/33/07/31/3307315b-14b5-69e7-fd7e-82cad69d85dd/source/100x100bb.jpg,5.99,notExplicit,39.0,℗ 2010 Vintage Records,USA,USD,2010-11-19T08:00:00Z
85,collection,,Louis Armstrong,,518462,52456.0,Jazz,,Album,1585706630.0,"The Hits, Vol. 1","The Hits, Vol. 1",https://music.apple.com/us/artist/louis-armstrong/518462?uo=4,https://music.apple.com/us/album/the-hits-vol-1/1585706630?uo=4,https://is4-ssl.mzstatic.com/image/thumb/Music125/v4/f7/5e/27/f75e2797-a97a-d438-860e-95e7befcc52e/source/60x60bb.jpg,https://is4-ssl.mzstatic.com/image/thumb/Music125/v4/f7/5e/27/f75e2797-a97a-d438-860e-95e7befcc52e/source/100x100bb.jpg,7.99,notExplicit,8.0,℗ 2020 Lifestyle Music Group,USA,USD,2021-09-16T07:00:00Z
86,collection,,Louis Armstrong,,518462,52456.0,Jazz,,Album,159085964.0,Jazz Moods - Hot,Jazz Moods - Hot,https://music.apple.com/us/artist/louis-armstrong/518462?uo=4,https://music.apple.com/us/album/jazz-moods-hot/159085964?uo=4,https://is3-ssl.mzstatic.com/image/thumb/Music/v4/fb/61/a4/fb61a4aa-965d-4031-ecd1-16bba42f703b/source/60x60bb.jpg,https://is3-ssl.mzstatic.com/image/thumb/Music/v4/fb/61/a4/fb61a4aa-965d-4031-ecd1-16bba42f703b/source/100x100bb.jpg,9.99,notExplicit,14.0,"℗ Originally Released 1926, 1927, 1928, 1929, 1941, (P) 2005 SONY BMG MUSIC ENTERTAINMENT",USA,USD,2005-04-04T07:00:00Z
87,collection,,Louis Armstrong,,518462,52456.0,Trad Jazz,,Album,1475264667.0,Live in Europe,Live in Europe,https://music.apple.com/us/artist/louis-armstrong/518462?uo=4,https://music.apple.com/us/album/live-in-europe/1475264667?uo=4,https://is2-ssl.mzstatic.com/image/thumb/Music113/v4/e9/68/2a/e9682a0e-1868-4361-9a87-59a02b8f38d6/source/60x60bb.jpg,https://is2-ssl.mzstatic.com/image/thumb/Music113/v4/e9/68/2a/e9682a0e-1868-4361-9a87-59a02b8f38d6/source/100x100bb.jpg,9.99,notExplicit,16.0,℗ 2019 Dot Time Legends,USA,USD,2019-09-27T07:00:00Z
88,collection,,Louis Armstrong,,518462,52456.0,Jazz,,Album,1444002886.0,"The Best of the Decca Years, Vol. 2: The Composer","The Best of the Decca Years, Vol. 2: The Composer",https://music.apple.com/us/artist/louis-armstrong/518462?uo=4,https://music.apple.com/us/album/the-best-of-the-decca-years-vol-2-the-composer/1444002886?uo=4,https://is1-ssl.mzstatic.com/image/thumb/Music118/v4/ab/8b/8a/ab8b8a07-3a54-05de-80a8-b77aa4336266/source/60x60bb.jpg,https://is1-ssl.mzstatic.com/image/thumb/Music118/v4/ab/8b/8a/ab8b8a07-3a54-05de-80a8-b77aa4336266/source/100x100bb.jpg,7.99,notExplicit,13.0,"This Compilation ℗ 1990 UMG Recordings, Inc.",USA,USD,1990-01-01T08:00:00Z
89,collection,,Louis Armstrong,,518462,52456.0,Jazz,,Album,1426743749.0,The Standard Oil Sessions (Live),The Standard Oil Sessions (Live),https://music.apple.com/us/artist/louis-armstrong/518462?uo=4,https://music.apple.com/us/album/the-standard-oil-sessions-live/1426743749?uo=4,https://is4-ssl.mzstatic.com/image/thumb/Music118/v4/bf/0f/03/bf0f0358-4792-1bca-bfd2-fd39aaa04ff4/source/60x60bb.jpg,https://is4-ssl.mzstatic.com/image/thumb/Music118/v4/bf/0f/03/bf0f0358-4792-1bca-bfd2-fd39aaa04ff4/source/100x100bb.jpg,9.99,notExplicit,11.0,℗ 2017 Dot Time Legends,USA,USD,2017-05-22T07:00:00Z
90,collection,,Louis Armstrong,,518462,52456.0,Ragtime,,Album,1466704359.0,Satchmo Plays King Oliver,Satchmo Plays King Oliver,https://music.apple.com/us/artist/louis-armstrong/518462?uo=4,https://music.apple.com/us/album/satchmo-plays-king-oliver/1466704359?uo=4,https://is1-ssl.mzstatic.com/image/thumb/Music123/v4/cd/c6/22/cdc62209-5a2e-448c-419b-54f39797895a/source/60x60bb.jpg,https://is1-ssl.mzstatic.com/image/thumb/Music123/v4/cd/c6/22/cdc62209-5a2e-448c-419b-54f39797895a/source/100x100bb.jpg,9.99,notExplicit,12.0,"℗ 1960 © Audio Fidelity™ a division of 43 North Broadway, LLC. WARNING: All Rights Reserved. Unauthorized duplication is a violation of applicable laws.",USA,USD,1960-05-01T07:00:00Z
91,collection,,Louis Armstrong,,518462,52456.0,Pop,,Album,1592055234.0,Gospel Book,Gospel Book,https://music.apple.com/us/artist/louis-armstrong/518462?uo=4,https://music.apple.com/us/album/gospel-book/1592055234?uo=4,https://is4-ssl.mzstatic.com/image/thumb/Music116/v4/91/0f/9e/910f9e77-dc9f-88ee-0b30-0bcd1b92aec3/source/60x60bb.jpg,https://is4-ssl.mzstatic.com/image/thumb/Music116/v4/91/0f/9e/910f9e77-dc9f-88ee-0b30-0bcd1b92aec3/source/100x100bb.jpg,9.99,notExplicit,18.0,℗ 2010 Editions Jade,USA,USD,2021-10-22T07:00:00Z
92,collection,,Louis Armstrong and The All Stars,,518462,52456.0,Jazz,,Album,1434274831.0,"The Columbia & RCA Victor Live Recordings, Vol. 3","The Columbia & RCA Victor Live Recordings, Vol. 3",https://music.apple.com/us/artist/louis-armstrong/518462?uo=4,https://music.apple.com/us/album/the-columbia-rca-victor-live-recordings-vol-3/1434274831?uo=4,https://is1-ssl.mzstatic.com/image/thumb/Music118/v4/af/03/ac/af03acc8-d277-6c16-7950-93462ef123b0/source/60x60bb.jpg,https://is1-ssl.mzstatic.com/image/thumb/Music118/v4/af/03/ac/af03acc8-d277-6c16-7950-93462ef123b0/source/100x100bb.jpg,24.99,notExplicit,57.0,℗ This compilation (P) 2018 Sony Music Entertainment,USA,USD,2018-09-14T07:00:00Z
93,collection,,Louis Armstrong & Fletcher Henderson,,518462,52456.0,Jazz,,Album,1532441659.0,Fletcher Henderson and Louis Armstrong 1924-1925,Fletcher Henderson and Louis Armstrong 1924-1925,https://music.apple.com/us/artist/louis-armstrong/518462?uo=4,https://music.apple.com/us/album/fletcher-henderson-and-louis-armstrong-1924-1925/1532441659?uo=4,https://is4-ssl.mzstatic.com/image/thumb/Music124/v4/15/0d/c4/150dc4a7-25ab-fd91-1b96-c5d59343b16b/source/60x60bb.jpg,https://is4-ssl.mzstatic.com/image/thumb/Music124/v4/15/0d/c4/150dc4a7-25ab-fd91-1b96-c5d59343b16b/source/100x100bb.jpg,9.99,notExplicit,26.0,℗ 1991 Timeless Records,USA,USD,2008-06-19T07:00:00Z
94,collection,,Louis Armstrong,,518462,52456.0,Jazz,,Album,1165567483.0,Louis Armstrong Plays W. C. Handy,Louis Armstrong Plays W. C. Handy,https://music.apple.com/us/artist/louis-armstrong/518462?uo=4,https://music.apple.com/us/album/louis-armstrong-plays-w-c-handy/1165567483?uo=4,https://is5-ssl.mzstatic.com/image/thumb/Music71/v4/e2/a1/a8/e2a1a8ca-24ce-5a04-3047-7ab964613328/source/60x60bb.jpg,https://is5-ssl.mzstatic.com/image/thumb/Music71/v4/e2/a1/a8/e2a1a8ca-24ce-5a04-3047-7ab964613328/source/100x100bb.jpg,9.99,notExplicit,11.0,℗ Originally Released 1954 Sony Music Entertainment Inc.,USA,USD,2016-10-14T07:00:00Z
95,collection,,Louis Armstrong,,518462,52456.0,Jazz,,Album,1394391664.0,"Louis Armstrong: Sparks, Nevada 1964! (Live)","Louis Armstrong: Sparks, Nevada 1964! (Live)",https://music.apple.com/us/artist/louis-armstrong/518462?uo=4,https://music.apple.com/us/album/louis-armstrong-sparks-nevada-1964-live/1394391664?uo=4,https://is3-ssl.mzstatic.com/image/thumb/Music125/v4/d6/64/81/d664815a-46bc-b607-c7a7-ef59414b80ab/source/60x60bb.jpg,https://is3-ssl.mzstatic.com/image/thumb/Music125/v4/d6/64/81/d664815a-46bc-b607-c7a7-ef59414b80ab/source/100x100bb.jpg,9.99,notExplicit,11.0,℗ 2018 Dot Time Legends,USA,USD,2018-06-22T07:00:00Z
96,collection,,Louis Armstrong,,518462,52456.0,Jazz,,Album,1444083375.0,Satchmo in Style (Bonus Track) [with Gordon Jenkins],Satchmo in Style (Bonus Track) [with Gordon Jenkins],https://music.apple.com/us/artist/louis-armstrong/518462?uo=4,https://music.apple.com/us/album/satchmo-in-style-bonus-track-with-gordon-jenkins/1444083375?uo=4,https://is4-ssl.mzstatic.com/image/thumb/Music114/v4/87/37/fb/8737fb84-59f2-99f1-d2c7-e98b0f66a09b/source/60x60bb.jpg,https://is4-ssl.mzstatic.com/image/thumb/Music114/v4/87/37/fb/8737fb84-59f2-99f1-d2c7-e98b0f66a09b/source/100x100bb.jpg,7.99,notExplicit,16.0,"This Compilation ℗ 2001 The Verve Music Group, a Division of UMG Recordings, Inc.",USA,USD,1959-05-14T07:00:00Z
97,collection,,Louis Armstrong,,518462,52456.0,Jazz,,Album,1444041274.0,"Louis Armstrong & His Orchestra, Vol. 3 (Pocketful of Dreams)","Louis Armstrong & His Orchestra, Vol. 3 (Pocketful of Dreams)",https://music.apple.com/us/artist/louis-armstrong/518462?uo=4,https://music.apple.com/us/album/louis-armstrong-his-orchestra-vol-3-pocketful-of-dreams/1444041274?uo=4,https://is3-ssl.mzstatic.com/image/thumb/Music118/v4/06/cf/a4/06cfa471-1fcb-f026-5851-9f15b01767bb/source/60x60bb.jpg,https://is3-ssl.mzstatic.com/image/thumb/Music118/v4/06/cf/a4/06cfa471-1fcb-f026-5851-9f15b01767bb/source/100x100bb.jpg,7.99,notExplicit,22.0,"This Compilation ℗ 1995 UMG Recordings, Inc.",USA,USD,1995-01-01T08:00:00Z
98,collection,,Louis Armstrong,,518462,52456.0,Jazz,,Album,1423291283.0,Oh Didn't He Ramble,Oh Didn't He Ramble,https://music.apple.com/us/artist/louis-armstrong/518462?uo=4,https://music.apple.com/us/album/oh-didnt-he-ramble/1423291283?uo=4,https://is1-ssl.mzstatic.com/image/thumb/Music118/v4/ce/0e/3b/ce0e3bc9-6109-e97f-6df4-4b1334e0a270/source/60x60bb.jpg,https://is1-ssl.mzstatic.com/image/thumb/Music118/v4/ce/0e/3b/ce0e3bc9-6109-e97f-6df4-4b1334e0a270/source/100x100bb.jpg,9.99,notExplicit,10.0,"A Verve Label Group release; This Compilation ℗ 1999 UMG Recordings, Inc.",USA,USD,1999-10-19T07:00:00Z
99,collection,,Louis Armstrong & The Louis Armstrong Orchestra,,518462,52456.0,Jazz,,Album,190308986.0,The Great American Songbook,The Great American Songbook,https://music.apple.com/us/artist/louis-armstrong/518462?uo=4,https://music.apple.com/us/album/the-great-american-songbook/190308986?uo=4,https://is5-ssl.mzstatic.com/image/thumb/Music/v4/9c/9e/95/9c9e958b-6e2a-c896-ece6-0e3fa789129e/source/60x60bb.jpg,https://is5-ssl.mzstatic.com/image/thumb/Music/v4/9c/9e/95/9c9e958b-6e2a-c896-ece6-0e3fa789129e/source/100x100bb.jpg,-1.0,notExplicit,14.0,"℗ Originally released 1929, 1930, 1931, 1932, 1933, 1947, 1957, 1958. All rights reserved by SONY BMG MUSIC ENTERTAINMENT.(P) Recorded Prior to 1972.  All Rights Reserved by Flying Dutchman.",USA,USD,2006-08-25T07:00:00Z
100,collection,,Louis Armstrong,,518462,52456.0,Jazz,,Album,1434915606.0,Louis Armstrong Sings : Back Through the Years,Louis Armstrong Sings : Back Through the Years,https://music.apple.com/us/artist/louis-armstrong/518462?uo=4,https://music.apple.com/us/album/louis-armstrong-sings-back-through-the-years/1434915606?uo=4,https://is3-ssl.mzstatic.com/image/thumb/Music116/v4/7c/fe/58/7cfe588f-bfec-6291-8367-9a7c1ff5bb0e/source/60x60bb.jpg,https://is3-ssl.mzstatic.com/image/thumb/Music116/v4/7c/fe/58/7cfe588f-bfec-6291-8367-9a7c1ff5bb0e/source/100x100bb.jpg,16.99,notExplicit,34.0,"A Geffen Records Release; This Compilation ℗ 2000 UMG Recordings, Inc.",USA,USD,2000-03-21T08:00:00Z
